Student_ID,Study_Hours_Per_Day,Enjoyable_Hours_Per_Day,Sleep_Hours_Per_Day,Social_Hours_Per_Day,GPA,Stress_Level,value,Personal_Space_Hours_Per_Day
279,10.0,0.2,9.9,1.6,3.56,High,10.0,20.0
1612,10.0,1.0,7.2,3.0,3.37,High,10.0,20.0
308,10.0,2.6,7.8,2.6,3.26,High,10.0,20.0
1469,10.0,3.0,8.2,1.0,3.81,High,10.0,20.0
470,10.0,3.5,8.1,1.4,3.44,High,10.0,20.0
849,10.0,1.0,9.4,3.0,3.4,High,10.0,20.0
441,10.0,0.5,6.4,2.4,3.14,High,10.0,20.0
1287,10.0,1.6,6.4,3.3,3.39,High,10.0,20.0
1289,10.0,1.1,6.4,1.0,3.4,High,10.0,20.0
753,10.0,0.1,8.0,3.9,3.35,High,10.0,20.0
523,10.0,2.2,9.8,0.2,3.25,High,10.0,20.0
542,10.0,0.2,8.8,1.9,3.46,High,10.0,20.0
101,10.0,2.2,8.8,2.8,3.41,High,10.0,20.0
364,10.0,1.5,7.2,3.8,3.43,High,10.0,20.0
1106,10.0,0.8,6.3,4.0,3.39,High,10.0,20.0
712,10.0,1.2,6.7,0.5,3.79,High,10.0,20.0
372,10.0,3.7,8.2,0.9,3.63,High,10.0,20.0
312,10.0,3.7,7.7,2.2,3.44,High,10.0,20.0
1817,9.9,3.8,5.4,4.6,3.69,High,9.9,19.8
1408,9.9,2.2,8.4,1.1,3.43,High,9.9,19.8
252,9.9,1.3,5.9,4.7,3.57,High,9.9,19.8
261,9.9,0.7,9.3,2.0,3.59,High,9.9,19.8
1533,9.9,1.1,5.2,4.2,3.3,High,9.9,19.8
229,9.9,3.9,8.7,0.2,3.8,High,9.9,19.8
842,9.9,2.7,9.7,0.2,3.23,High,9.9,19.8
1920,9.9,1.1,6.0,2.7,3.68,High,9.9,19.8
1597,9.9,1.3,8.0,0.4,3.33,High,9.9,19.8
672,9.9,1.9,9.2,0.2,3.65,High,9.9,19.8
1722,9.9,1.0,7.3,0.2,3.32,High,9.9,19.8
98,9.9,0.6,8.0,2.1,3.39,High,9.9,19.8
179,9.9,2.1,5.9,1.6,3.52,High,9.9,19.8
436,9.9,1.3,7.4,1.1,3.35,High,9.9,19.8
995,9.9,1.5,9.0,1.6,3.44,High,9.9,19.8
1130,9.9,2.7,6.4,2.9,3.49,High,9.9,19.8
1149,9.9,2.0,7.3,3.6,3.51,High,9.9,19.8
1965,9.9,1.1,9.8,0.2,3.54,High,9.9,19.8
1958,9.9,0.4,9.6,2.0,3.09,High,9.9,19.8
1196,9.9,0.4,6.5,3.8,3.73,High,9.9,19.8
1011,9.9,0.2,5.5,4.3,3.32,High,9.9,19.8
1946,9.9,1.3,5.6,3.4,3.43,High,9.9,19.8
396,9.9,3.1,5.1,0.4,3.17,High,9.9,19.8
1293,9.9,0.2,6.8,2.9,3.09,High,9.9,19.8
1244,9.9,0.6,6.1,1.3,3.63,High,9.9,19.8
30,9.9,1.0,8.4,3.6,3.25,High,9.9,19.8
348,9.9,2.4,7.9,2.8,3.67,High,9.9,19.8
419,9.9,0.4,7.1,0.3,3.55,High,9.9,19.8
515,9.8,2.1,8.4,1.2,3.61,High,9.8,19.6
129,9.8,3.5,9.1,0.4,3.57,High,9.8,19.6
751,9.8,1.6,8.6,1.4,3.68,High,9.8,19.6
1656,9.8,2.4,7.4,2.5,3.56,High,9.8,19.6
1309,9.8,0.3,7.7,1.8,3.23,High,9.8,19.6
363,9.8,1.5,6.6,0.9,3.61,High,9.8,19.6
1746,9.8,3.3,9.3,0.3,3.73,High,9.8,19.6
385,9.8,2.2,9.7,0.1,3.16,High,9.8,19.6
99,9.8,3.4,9.2,0.7,3.15,High,9.8,19.6
1107,9.8,3.7,7.5,2.4,3.35,High,9.8,19.6
532,9.8,0.8,9.8,3.6,3.59,High,9.8,19.6
88,9.8,1.5,6.4,5.2,3.78,High,9.8,19.6
787,9.8,0.2,9.5,2.6,3.47,High,9.8,19.6
1589,9.8,3.0,9.1,0.1,3.9,High,9.8,19.6
1230,9.8,1.9,5.3,3.3,3.93,High,9.8,19.6
465,9.8,1.6,6.9,1.9,3.23,High,9.8,19.6
274,9.8,0.4,8.4,2.4,3.26,High,9.8,19.6
951,9.8,1.7,7.4,4.6,3.84,High,9.8,19.6
296,9.8,2.4,9.1,2.4,3.38,High,9.8,19.6
1284,9.8,3.2,7.3,0.8,3.42,High,9.8,19.6
233,9.8,0.6,7.2,5.7,3.84,High,9.8,19.6
882,9.8,1.5,6.7,0.4,3.54,High,9.8,19.6
1516,9.8,0.3,8.0,0.3,3.53,High,9.8,19.6
1598,9.8,2.9,8.9,1.7,3.51,High,9.8,19.6
404,9.8,1.7,9.9,1.7,3.75,High,9.8,19.6
324,9.8,1.7,6.6,3.0,3.58,High,9.8,19.6
1551,9.8,0.1,6.5,5.5,3.24,High,9.8,19.6
1554,9.8,0.5,7.1,2.9,3.38,High,9.8,19.6
1328,9.8,2.6,6.5,0.6,3.62,High,9.8,19.6
797,9.8,2.3,7.6,0.4,3.04,High,9.8,19.6
1811,9.8,0.9,7.6,4.2,3.62,High,9.8,19.6
295,9.8,1.9,9.0,1.8,3.5,High,9.8,19.6
631,9.8,0.3,8.2,0.4,3.71,High,9.8,19.6
599,9.8,3.4,9.0,1.5,3.49,High,9.8,19.6
1848,9.8,1.8,7.0,4.6,3.39,High,9.8,19.6
688,9.8,0.7,7.8,3.3,3.41,High,9.8,19.6
1332,9.7,3.3,9.2,0.5,3.18,High,9.7,19.4
1670,9.7,0.5,9.9,0.9,3.72,High,9.7,19.4
776,9.7,2.8,9.1,1.3,3.54,High,9.7,19.4
439,9.7,1.6,5.4,3.7,3.39,High,9.7,19.4
209,9.7,2.6,8.0,1.9,3.33,High,9.7,19.4
1485,9.7,2.0,6.7,5.2,3.47,High,9.7,19.4
1261,9.7,1.2,9.3,2.9,3.51,High,9.7,19.4
754,9.7,0.7,8.1,1.2,3.53,High,9.7,19.4
1347,9.7,2.1,8.4,3.0,3.51,High,9.7,19.4
1501,9.7,3.6,7.7,1.6,3.22,High,9.7,19.4
752,9.7,1.6,8.9,1.0,3.57,High,9.7,19.4
645,9.7,2.5,6.6,1.4,3.57,High,9.7,19.4
579,9.7,2.6,8.4,2.1,3.38,High,9.7,19.4
1234,9.7,3.1,8.3,2.4,3.47,High,9.7,19.4
1233,9.7,1.1,9.1,0.2,3.3,High,9.7,19.4
840,9.7,3.4,6.5,0.3,3.48,High,9.7,19.4
46,9.7,3.8,9.6,0.3,3.55,High,9.7,19.4
996,9.7,0.9,6.6,4.5,3.5,High,9.7,19.4
35,9.7,0.6,6.7,0.7,3.62,High,9.7,19.4
1363,9.7,2.9,8.8,0.6,3.87,High,9.7,19.4
1362,9.7,0.5,8.9,1.3,3.53,High,9.7,19.4
1323,9.7,1.9,6.6,4.4,3.06,High,9.7,19.4
49,9.7,2.8,7.9,0.3,3.47,High,9.7,19.4
871,9.7,0.1,5.8,5.3,3.92,High,9.7,19.4
1320,9.7,0.2,6.1,3.4,3.81,High,9.7,19.4
1315,9.7,1.5,7.5,4.8,3.3,High,9.7,19.4
877,9.7,1.2,8.9,3.2,3.26,High,9.7,19.4
1895,9.7,0.2,5.1,4.0,3.25,High,9.7,19.4
1303,9.7,0.4,7.6,5.5,3.73,High,9.7,19.4
969,9.7,3.7,7.5,1.0,3.04,High,9.7,19.4
202,9.7,3.2,10.0,0.4,3.67,High,9.7,19.4
26,9.7,1.3,7.6,3.8,3.29,High,9.7,19.4
1285,9.7,1.4,5.8,3.4,3.67,High,9.7,19.4
1390,9.7,3.4,8.6,0.2,3.53,High,9.7,19.4
1881,9.7,3.2,8.5,0.0,3.19,High,9.7,19.4
1379,9.7,1.7,5.0,2.7,3.47,High,9.7,19.4
1227,9.7,3.1,6.3,2.9,3.5,High,9.7,19.4
1796,9.7,3.1,6.4,4.1,3.76,High,9.7,19.4
11,9.7,3.6,8.0,2.5,3.43,High,9.7,19.4
1400,9.7,1.6,8.5,2.1,3.87,High,9.7,19.4
1753,9.7,0.3,7.5,4.1,3.53,High,9.7,19.4
1752,9.7,1.8,8.0,2.1,3.82,High,9.7,19.4
1399,9.7,2.1,6.8,1.3,3.55,High,9.7,19.4
710,9.7,3.5,8.7,0.6,3.36,High,9.7,19.4
447,9.7,2.7,8.4,1.2,3.44,High,9.7,19.4
709,9.7,1.1,8.1,3.5,3.63,High,9.7,19.4
1465,9.7,2.1,8.1,2.0,3.49,High,9.7,19.4
68,9.7,2.3,6.9,3.3,3.38,High,9.7,19.4
1737,9.7,3.4,9.4,0.7,3.6,High,9.7,19.4
1733,9.7,1.5,7.9,3.9,3.69,High,9.7,19.4
1064,9.7,0.1,8.5,4.1,3.26,High,9.7,19.4
1111,9.6,2.0,9.2,1.4,3.64,High,9.6,19.2
929,9.6,3.5,8.1,2.3,3.4,High,9.6,19.2
980,9.6,2.4,7.7,1.1,3.3,High,9.6,19.2
259,9.6,0.8,8.1,3.5,3.31,High,9.6,19.2
160,9.6,1.4,7.9,3.2,3.43,High,9.6,19.2
539,9.6,0.9,8.2,1.2,3.62,High,9.6,19.2
1914,9.6,0.6,6.1,3.3,3.47,High,9.6,19.2
96,9.6,3.3,9.7,1.0,3.54,High,9.6,19.2
1933,9.6,1.6,8.1,3.7,3.46,High,9.6,19.2
1806,9.6,3.3,9.9,1.1,3.5,High,9.6,19.2
1520,9.6,3.0,8.7,1.9,3.45,High,9.6,19.2
970,9.6,0.0,7.8,4.4,3.38,High,9.6,19.2
1126,9.6,1.3,9.8,1.8,3.39,High,9.6,19.2
1571,9.6,3.9,5.1,3.4,3.65,High,9.6,19.2
789,9.6,1.6,5.7,4.3,3.49,High,9.6,19.2
1086,9.6,0.8,5.7,4.6,3.12,High,9.6,19.2
196,9.6,3.9,9.7,0.4,3.65,High,9.6,19.2
1424,9.6,1.5,6.9,2.3,3.37,High,9.6,19.2
1882,9.6,0.7,6.4,3.1,3.38,High,9.6,19.2
1334,9.6,2.3,8.3,3.5,3.41,High,9.6,19.2
697,9.6,0.2,6.5,1.2,3.5,High,9.6,19.2
938,9.6,0.6,9.8,0.8,3.29,High,9.6,19.2
1213,9.6,3.9,7.7,1.3,3.47,High,9.6,19.2
1657,9.6,3.3,6.6,1.1,3.45,High,9.6,19.2
1960,9.6,3.3,5.5,0.6,3.19,High,9.6,19.2
1689,9.6,0.5,5.5,2.0,3.19,High,9.6,19.2
1255,9.6,1.1,6.9,3.4,3.37,High,9.6,19.2
130,9.6,2.2,7.9,1.2,3.24,High,9.6,19.2
1688,9.6,0.5,8.4,0.0,3.7,High,9.6,19.2
1682,9.6,0.2,7.9,5.1,3.46,High,9.6,19.2
905,9.6,3.4,8.7,0.4,3.5,High,9.6,19.2
1067,9.6,1.8,5.2,2.2,3.55,High,9.6,19.2
1185,9.6,2.6,5.5,5.7,3.28,High,9.6,19.2
1259,9.6,2.3,7.7,2.6,3.67,High,9.6,19.2
1758,9.6,1.8,8.7,1.4,3.43,High,9.6,19.2
22,9.6,3.2,8.2,2.6,3.34,High,9.6,19.2
317,9.6,2.0,10.0,2.0,3.46,High,9.6,19.2
1168,9.6,2.2,6.3,4.1,3.49,High,9.6,19.2
1628,9.6,0.4,8.2,2.4,3.4,High,9.6,19.2
1069,9.6,2.6,6.6,2.7,3.37,High,9.6,19.2
1868,9.6,2.6,7.1,4.4,3.54,High,9.6,19.2
235,9.5,0.9,6.1,0.2,3.17,High,9.5,19.0
442,9.5,2.9,8.0,1.1,3.11,High,9.5,19.0
1358,9.5,0.5,7.7,5.3,3.78,High,9.5,19.0
258,9.5,1.7,6.4,3.6,3.42,High,9.5,19.0
457,9.5,1.4,5.8,0.2,3.69,High,9.5,19.0
1378,9.5,3.9,9.3,0.1,3.28,High,9.5,19.0
1491,9.5,2.3,6.8,2.1,3.74,High,9.5,19.0
44,9.5,2.5,9.0,1.5,3.49,High,9.5,19.0
1808,9.5,2.5,5.0,1.1,3.52,High,9.5,19.0
1473,9.5,0.6,5.5,2.5,3.44,High,9.5,19.0
881,9.5,1.5,8.8,3.8,3.36,High,9.5,19.0
1517,9.5,2.1,8.3,3.4,3.35,High,9.5,19.0
1452,9.5,1.6,6.2,2.7,3.32,High,9.5,19.0
855,9.5,4.0,6.0,1.6,3.39,High,9.5,19.0
77,9.5,0.4,6.6,5.7,3.44,High,9.5,19.0
1266,9.5,2.3,5.4,2.7,3.67,High,9.5,19.0
549,9.5,3.8,9.5,0.5,3.4,High,9.5,19.0
1833,9.5,0.4,9.9,3.6,3.5,High,9.5,19.0
1964,9.5,0.9,9.5,1.3,3.24,High,9.5,19.0
717,9.5,3.3,8.8,0.1,3.24,High,9.5,19.0
337,9.5,3.8,8.9,0.6,3.3,High,9.5,19.0
575,9.5,0.0,8.4,0.3,3.07,High,9.5,19.0
511,9.5,1.1,6.8,0.3,3.43,High,9.5,19.0
1020,9.5,0.0,9.1,5.1,3.05,High,9.5,19.0
426,9.5,0.7,5.4,1.4,3.77,High,9.5,19.0
143,9.5,2.5,5.6,5.6,3.13,High,9.5,19.0
145,9.5,3.2,5.8,1.7,3.59,High,9.5,19.0
1947,9.5,3.1,8.1,1.0,3.25,High,9.5,19.0
1624,9.5,0.1,7.8,4.7,3.71,High,9.5,19.0
1754,9.5,3.8,5.3,2.2,3.7,High,9.5,19.0
1268,9.5,3.6,8.4,2.1,3.11,High,9.5,19.0
1936,9.5,3.3,7.8,2.1,3.28,High,9.5,19.0
1308,9.5,2.5,5.4,5.5,3.59,High,9.5,19.0
651,9.5,4.0,9.1,1.2,3.52,High,9.5,19.0
639,9.5,3.0,9.5,1.5,3.76,High,9.5,19.0
53,9.5,1.4,6.9,0.6,3.33,High,9.5,19.0
177,9.5,3.2,7.1,0.1,3.49,High,9.5,19.0
1916,9.5,1.6,7.6,2.5,3.7,High,9.5,19.0
1751,9.5,0.1,9.7,3.8,3.57,High,9.5,19.0
1307,9.5,3.1,5.1,2.0,3.14,High,9.5,19.0
1929,9.5,2.9,5.4,4.9,3.67,High,9.5,19.0
1988,9.5,1.5,6.4,3.0,3.86,High,9.5,19.0
1140,9.5,0.3,9.7,3.7,3.42,High,9.5,19.0
1091,9.5,0.4,8.3,5.3,3.56,High,9.5,19.0
365,9.4,2.4,7.0,2.1,3.1,High,9.4,18.8
1975,9.4,3.6,9.8,1.0,3.32,High,9.4,18.8
1147,9.4,2.5,5.8,5.8,3.25,High,9.4,18.8
1074,9.4,1.0,7.8,1.1,3.36,High,9.4,18.8
1345,9.4,2.1,9.6,1.4,3.2,High,9.4,18.8
1963,9.4,1.4,5.2,5.1,3.59,High,9.4,18.8
1228,9.4,2.1,8.9,2.0,3.43,High,9.4,18.8
1908,9.4,2.9,9.6,0.7,3.57,High,9.4,18.8
1015,9.4,3.6,6.7,2.6,2.81,High,9.4,18.8
307,9.4,2.6,7.7,1.4,3.66,High,9.4,18.8
416,9.4,3.1,8.9,1.7,3.45,High,9.4,18.8
640,9.4,2.3,8.2,0.6,3.62,High,9.4,18.8
1291,9.4,1.3,5.6,5.2,3.2,High,9.4,18.8
1427,9.4,1.8,6.7,0.8,3.37,High,9.4,18.8
377,9.4,3.4,5.9,4.3,3.18,High,9.4,18.8
1696,9.4,0.9,5.4,2.9,3.56,High,9.4,18.8
821,9.4,2.3,6.7,4.5,3.25,High,9.4,18.8
1660,9.4,2.0,6.6,4.5,3.46,High,9.4,18.8
685,9.4,1.5,6.0,2.9,3.4,High,9.4,18.8
838,9.4,2.2,9.8,0.1,3.79,High,9.4,18.8
214,9.4,3.8,9.3,1.2,3.33,High,9.4,18.8
745,9.4,3.7,9.6,0.8,3.16,High,9.4,18.8
1614,9.4,2.8,5.4,3.9,3.37,High,9.4,18.8
890,9.4,0.7,5.3,4.3,3.57,High,9.4,18.8
116,9.4,3.7,5.3,1.6,3.45,High,9.4,18.8
770,9.4,3.6,6.5,1.0,3.57,High,9.4,18.8
800,9.4,4.0,7.9,2.2,2.91,High,9.4,18.8
1455,9.4,1.8,9.5,2.5,3.91,High,9.4,18.8
1577,9.4,1.3,7.9,4.6,3.34,High,9.4,18.8
1565,9.4,0.8,5.5,5.4,3.55,High,9.4,18.8
1771,9.4,3.2,9.7,0.2,3.4,High,9.4,18.8
1782,9.4,0.8,5.4,4.7,3.25,High,9.4,18.8
50,9.4,3.0,8.5,2.2,3.18,High,9.4,18.8
1559,9.4,1.6,6.7,1.2,3.11,High,9.4,18.8
1584,9.3,2.0,5.7,4.2,3.51,High,9.3,18.6
670,9.3,3.5,6.0,3.8,3.52,High,9.3,18.6
1295,9.3,2.2,9.1,1.0,3.07,High,9.3,18.6
1275,9.3,1.2,8.5,0.1,3.1,High,9.3,18.6
1633,9.3,0.3,8.4,1.0,3.29,High,9.3,18.6
774,9.3,1.2,7.3,3.7,3.76,High,9.3,18.6
1430,9.3,0.3,5.4,5.1,3.02,High,9.3,18.6
679,9.3,0.6,5.4,2.9,3.51,High,9.3,18.6
547,9.3,1.1,9.8,2.2,3.79,High,9.3,18.6
1242,9.3,2.7,5.3,4.7,3.41,High,9.3,18.6
1702,9.3,3.7,6.5,3.9,3.24,High,9.3,18.6
1725,9.3,0.9,6.1,1.2,3.29,High,9.3,18.6
1224,9.3,1.6,6.0,2.5,3.31,High,9.3,18.6
1200,9.3,1.7,9.8,1.4,3.12,High,9.3,18.6
109,9.3,3.8,5.7,4.8,3.05,High,9.3,18.6
352,9.3,3.4,9.6,0.4,3.28,High,9.3,18.6
1072,9.3,3.6,7.2,1.8,3.3,High,9.3,18.6
389,9.3,2.2,7.6,0.6,3.48,High,9.3,18.6
1151,9.3,0.4,5.5,1.6,3.29,High,9.3,18.6
1802,9.3,1.0,6.9,5.2,3.32,High,9.3,18.6
1122,9.3,2.7,7.2,2.3,3.29,High,9.3,18.6
958,9.3,0.4,8.9,4.6,3.58,High,9.3,18.6
1934,9.3,1.6,9.4,0.9,3.69,High,9.3,18.6
909,9.3,3.5,5.0,4.7,3.45,High,9.3,18.6
889,9.3,0.5,8.5,4.2,3.17,High,9.3,18.6
852,9.3,0.2,8.5,0.8,3.49,High,9.3,18.6
865,9.3,2.3,9.5,1.7,3.34,High,9.3,18.6
197,9.3,3.4,6.6,3.9,3.41,High,9.3,18.6
257,9.3,2.3,7.2,3.8,3.61,High,9.3,18.6
275,9.3,0.7,8.5,4.6,3.43,High,9.3,18.6
48,9.3,1.3,5.8,3.3,3.09,High,9.3,18.6
237,9.3,3.1,8.9,2.3,3.52,High,9.3,18.6
236,9.3,1.9,9.8,0.6,3.68,High,9.3,18.6
1888,9.2,0.2,5.1,2.2,3.61,High,9.2,18.4
498,9.2,0.0,6.2,4.4,3.41,High,9.2,18.4
1433,9.2,4.0,5.1,0.6,3.62,High,9.2,18.4
1590,9.2,0.2,9.3,2.9,3.29,High,9.2,18.4
666,9.2,3.2,9.8,1.0,3.55,High,9.2,18.4
223,9.2,2.0,5.0,1.7,3.42,High,9.2,18.4
1243,9.2,3.2,7.5,1.0,3.48,High,9.2,18.4
749,9.2,1.9,7.6,1.6,3.02,High,9.2,18.4
1062,9.2,2.8,5.6,4.4,3.5,High,9.2,18.4
1065,9.2,3.9,9.9,0.1,3.48,High,9.2,18.4
734,9.2,0.9,6.9,4.9,2.81,High,9.2,18.4
1636,9.2,0.0,7.0,5.4,3.41,High,9.2,18.4
973,9.2,1.0,6.0,3.0,3.18,High,9.2,18.4
627,9.2,3.3,9.2,1.1,3.6,High,9.2,18.4
1527,9.2,1.8,8.2,1.1,3.6,High,9.2,18.4
1231,9.2,4.0,7.2,1.2,3.1,High,9.2,18.4
1780,9.2,3.0,5.3,6.0,3.77,High,9.2,18.4
569,9.2,0.0,8.5,5.8,3.08,High,9.2,18.4
1425,9.2,2.6,8.1,1.4,3.39,High,9.2,18.4
1783,9.2,0.7,9.3,3.3,3.64,High,9.2,18.4
171,9.2,1.6,8.3,1.0,3.5,High,9.2,18.4
1772,9.2,2.0,8.7,0.6,3.03,High,9.2,18.4
1329,9.2,1.4,8.3,2.4,3.47,High,9.2,18.4
268,9.2,3.2,7.9,3.2,3.8,High,9.2,18.4
703,9.2,0.6,5.1,2.7,3.27,High,9.2,18.4
605,9.1,1.2,7.2,0.1,3.37,High,9.1,18.2
740,9.1,2.4,6.9,1.4,3.3,High,9.1,18.2
84,9.1,3.8,9.9,0.9,3.08,High,9.1,18.2
454,9.1,3.4,9.6,0.8,3.31,High,9.1,18.2
1978,9.1,3.1,8.9,2.1,3.1,High,9.1,18.2
218,9.1,1.4,8.4,2.9,3.26,High,9.1,18.2
1804,9.1,3.8,9.6,1.4,3.71,High,9.1,18.2
735,9.1,1.5,7.3,1.8,3.4,High,9.1,18.2
443,9.1,3.8,9.1,0.0,3.27,High,9.1,18.2
729,9.1,3.9,6.3,4.6,2.98,High,9.1,18.2
609,9.1,2.7,5.6,1.7,3.15,High,9.1,18.2
647,9.1,3.1,8.8,0.6,3.42,High,9.1,18.2
1199,9.1,2.3,8.8,2.7,3.43,High,9.1,18.2
611,9.1,3.2,6.5,4.8,3.34,High,9.1,18.2
700,9.1,0.7,5.2,1.2,3.64,High,9.1,18.2
349,9.1,2.6,5.6,2.0,3.16,High,9.1,18.2
1440,9.1,2.8,9.7,1.0,3.53,High,9.1,18.2
1410,9.1,2.1,6.4,0.4,3.37,High,9.1,18.2
71,9.1,1.1,5.6,4.2,3.54,High,9.1,18.2
732,9.1,1.9,6.8,2.2,3.27,High,9.1,18.2
1373,9.1,2.2,5.7,4.6,3.17,High,9.1,18.2
478,9.1,3.1,7.9,3.7,3.42,High,9.1,18.2
919,9.1,2.2,5.4,5.7,3.48,High,9.1,18.2
824,9.1,0.3,7.4,3.8,3.66,High,9.1,18.2
957,9.1,2.4,7.0,2.6,3.28,High,9.1,18.2
422,9.1,1.1,9.4,0.5,3.58,High,9.1,18.2
1556,9.1,3.2,7.4,1.3,3.31,High,9.1,18.2
825,9.1,3.1,6.4,5.1,3.45,High,9.1,18.2
1924,9.1,1.5,7.9,4.0,3.29,High,9.1,18.2
1496,9.1,2.5,9.2,1.6,3.22,High,9.1,18.2
1530,9.1,0.9,7.6,4.8,3.08,High,9.1,18.2
1588,9.1,2.2,5.9,2.8,3.33,High,9.1,18.2
1283,9.1,1.7,8.0,0.5,3.23,High,9.1,18.2
552,9.1,3.3,6.7,3.4,3.4,High,9.1,18.2
830,9.1,3.3,7.9,1.3,3.35,High,9.1,18.2
1324,9.1,3.5,8.4,0.1,3.36,High,9.1,18.2
1617,9.1,0.5,7.3,5.6,3.37,High,9.1,18.2
282,9.1,0.5,7.7,0.0,3.64,High,9.1,18.2
1887,9.1,2.9,8.6,0.3,3.56,High,9.1,18.2
1512,9.1,3.1,8.0,1.3,3.46,High,9.1,18.2
398,9.1,1.5,8.9,4.3,3.21,High,9.1,18.2
1691,9.1,2.8,8.6,2.4,3.24,High,9.1,18.2
329,9.1,2.5,6.5,3.7,2.85,High,9.1,18.2
36,9.1,2.2,7.6,1.2,3.12,High,9.1,18.2
288,9.1,2.9,9.8,0.0,3.48,High,9.1,18.2
482,9.0,1.1,6.1,5.7,3.07,High,9.0,18.0
705,9.0,1.6,8.8,0.6,3.2,High,9.0,18.0
535,9.0,3.6,9.7,1.6,3.44,High,9.0,18.0
661,9.0,2.9,8.0,0.2,3.74,High,9.0,18.0
831,9.0,2.2,9.1,2.3,3.44,High,9.0,18.0
887,9.0,3.4,5.7,5.6,3.59,High,9.0,18.0
1114,9.0,2.4,9.4,1.3,3.61,High,9.0,18.0
827,9.0,3.8,5.1,5.9,3.22,High,9.0,18.0
427,9.0,0.1,7.9,6.0,3.36,High,9.0,18.0
924,9.0,3.0,8.2,0.6,2.96,High,9.0,18.0
490,9.0,3.7,7.0,3.9,3.16,High,9.0,18.0
947,9.0,3.4,7.0,0.2,3.68,High,9.0,18.0
733,9.0,1.3,6.0,0.5,3.05,High,9.0,18.0
1003,9.0,3.5,7.3,2.0,3.43,High,9.0,18.0
946,9.0,3.8,8.1,2.3,3.55,High,9.0,18.0
644,9.0,1.1,8.5,1.4,3.56,High,9.0,18.0
625,9.0,0.3,7.4,3.4,3.64,High,9.0,18.0
680,9.0,0.5,7.9,3.0,2.99,High,9.0,18.0
438,9.0,2.3,7.6,1.5,3.2,High,9.0,18.0
400,9.0,1.6,9.6,2.0,3.57,High,9.0,18.0
2000,9.0,1.7,7.3,3.1,3.58,High,9.0,18.0
193,9.0,2.6,8.5,3.3,3.34,High,9.0,18.0
1245,9.0,0.7,5.3,6.0,3.56,High,9.0,18.0
58,9.0,1.1,7.2,0.5,3.39,High,9.0,18.0
239,9.0,1.9,5.6,0.8,3.21,High,9.0,18.0
1290,9.0,3.6,9.9,0.3,3.19,High,9.0,18.0
1278,9.0,1.2,7.9,4.4,3.62,High,9.0,18.0
1505,9.0,1.8,7.5,4.8,3.33,High,9.0,18.0
23,9.0,0.7,9.5,2.6,3.21,High,9.0,18.0
1951,9.0,2.3,8.9,1.3,3.24,High,9.0,18.0
1775,9.0,1.5,8.2,3.8,3.41,High,9.0,18.0
319,9.0,1.2,5.4,2.4,3.46,High,9.0,18.0
1264,9.0,2.8,7.8,3.1,3.43,High,9.0,18.0
52,9.0,2.6,8.5,3.1,4.0,High,9.0,18.0
190,9.0,2.8,6.4,3.4,3.24,High,9.0,18.0
117,9.0,3.0,5.9,1.3,3.29,High,9.0,18.0
1544,9.0,2.4,6.0,3.0,3.32,High,9.0,18.0
1346,9.0,1.0,9.5,4.1,3.34,High,9.0,18.0
157,9.0,0.0,6.7,2.4,3.51,High,9.0,18.0
1659,9.0,1.2,8.3,2.3,3.74,High,9.0,18.0
366,9.0,0.4,7.9,2.9,3.6,High,9.0,18.0
148,9.0,0.6,6.1,4.3,3.15,High,9.0,18.0
1141,9.0,0.8,9.0,4.4,3.37,High,9.0,18.0
360,9.0,0.8,7.8,4.4,3.18,High,9.0,18.0
1553,9.0,0.7,8.6,2.2,3.62,High,9.0,18.0
777,8.9,0.1,9.1,0.2,3.14,High,8.9,17.8
1394,8.9,0.1,9.8,2.7,3.51,High,8.9,17.8
1854,8.9,1.8,8.6,3.5,3.17,High,8.9,17.8
225,8.9,0.4,8.8,3.2,3.32,High,8.9,17.8
243,8.9,0.2,7.4,0.6,3.33,High,8.9,17.8
553,8.9,2.6,5.8,5.3,2.98,High,8.9,17.8
431,8.9,2.4,9.5,1.4,3.66,High,8.9,17.8
264,8.9,0.5,9.8,2.2,3.57,High,8.9,17.8
1850,8.9,0.9,8.6,4.5,3.36,High,8.9,17.8
1438,8.9,1.4,7.0,2.4,3.5,High,8.9,17.8
544,8.9,1.0,7.8,2.2,3.54,High,8.9,17.8
1603,8.9,2.3,8.8,0.6,3.02,High,8.9,17.8
1548,8.9,2.4,9.9,1.0,3.44,High,8.9,17.8
901,8.9,0.8,9.1,3.4,3.1,High,8.9,17.8
897,8.9,1.6,5.7,0.1,3.42,High,8.9,17.8
517,8.9,3.2,5.6,1.6,3.36,High,8.9,17.8
207,8.9,0.4,7.1,5.3,3.33,High,8.9,17.8
1522,8.9,1.8,9.0,3.6,3.27,High,8.9,17.8
1587,8.9,1.8,9.7,1.8,3.63,High,8.9,17.8
1671,8.9,1.4,5.7,5.1,3.55,High,8.9,17.8
165,8.9,1.8,7.6,2.5,3.58,High,8.9,17.8
1694,8.9,3.0,8.0,2.6,3.29,High,8.9,17.8
1740,8.9,2.2,8.3,1.5,3.37,High,8.9,17.8
123,8.9,2.0,5.4,3.2,3.64,High,8.9,17.8
520,8.9,1.8,7.0,1.8,3.38,High,8.9,17.8
1703,8.9,3.7,6.2,3.0,3.49,High,8.9,17.8
1869,8.9,0.8,5.7,4.1,3.62,High,8.9,17.8
500,8.9,3.6,7.2,3.9,3.51,High,8.9,17.8
1974,8.9,1.5,5.5,3.8,3.31,High,8.9,17.8
15,8.9,0.3,6.8,0.7,3.4,High,8.9,17.8
1045,8.9,3.4,9.2,0.9,3.11,High,8.9,17.8
637,8.9,3.0,9.0,1.6,3.42,High,8.9,17.8
568,8.9,2.9,6.9,0.1,3.26,High,8.9,17.8
1183,8.9,3.7,8.5,0.5,3.46,High,8.9,17.8
603,8.9,1.8,8.2,1.3,3.21,High,8.9,17.8
1343,8.9,1.6,8.2,0.8,3.3,High,8.9,17.8
1132,8.9,2.7,8.1,3.8,3.14,High,8.9,17.8
314,8.9,2.8,5.2,1.8,3.3,High,8.9,17.8
370,8.9,2.1,7.2,0.9,3.53,High,8.9,17.8
298,8.9,1.1,9.1,2.1,3.2,High,8.9,17.8
1777,8.8,0.8,6.7,4.9,3.53,High,8.8,17.6
1267,8.8,3.2,7.5,4.0,3.2,High,8.8,17.6
1526,8.8,1.0,8.5,0.2,3.52,High,8.8,17.6
746,8.8,2.1,8.4,2.0,3.66,High,8.8,17.6
18,8.8,2.2,8.9,2.0,3.19,High,8.8,17.6
580,8.8,0.4,6.4,1.7,3.05,High,8.8,17.6
1781,8.8,3.5,8.3,2.9,3.26,High,8.8,17.6
1251,8.8,2.9,6.8,0.3,3.17,High,8.8,17.6
658,8.8,1.8,8.5,1.9,3.32,High,8.8,17.6
1220,8.8,2.8,10.0,0.7,3.16,High,8.8,17.6
834,8.8,2.1,6.1,4.0,3.2,High,8.8,17.6
1192,8.8,2.4,5.8,4.8,3.38,High,8.8,17.6
353,8.8,1.8,9.2,3.1,3.45,High,8.8,17.6
131,8.8,0.7,6.6,2.6,2.99,High,8.8,17.6
1163,8.8,0.8,8.5,0.1,3.61,High,8.8,17.6
607,8.8,1.6,8.3,1.4,3.26,High,8.8,17.6
362,8.8,0.1,8.7,1.2,3.32,High,8.8,17.6
1101,8.8,3.7,9.7,0.3,3.39,High,8.8,17.6
756,8.8,3.6,5.4,2.4,3.08,High,8.8,17.6
507,8.8,1.7,9.1,3.7,3.44,High,8.8,17.6
380,8.8,2.6,9.8,0.2,3.38,High,8.8,17.6
656,8.8,0.2,9.2,3.6,3.59,High,8.8,17.6
203,8.8,1.6,7.4,3.8,3.23,High,8.8,17.6
311,8.8,1.4,8.3,4.4,3.1,High,8.8,17.6
1915,8.8,2.5,6.2,0.0,3.29,High,8.8,17.6
1364,8.8,0.4,9.8,4.5,3.12,High,8.8,17.6
945,8.8,3.2,6.7,2.3,3.24,High,8.8,17.6
56,8.8,0.9,8.1,0.5,3.1,High,8.8,17.6
941,8.8,1.4,9.8,3.0,3.51,High,8.8,17.6
778,8.8,1.0,9.3,0.5,3.18,High,8.8,17.6
1863,8.8,1.4,5.9,2.5,3.29,High,8.8,17.6
1388,8.8,2.4,7.9,0.3,3.26,High,8.8,17.6
1312,8.8,1.1,8.8,1.1,3.22,High,8.8,17.6
421,8.8,3.2,5.1,5.8,3.13,High,8.8,17.6
965,8.8,2.4,6.0,4.0,3.59,High,8.8,17.6
536,8.8,0.6,7.4,4.3,3.32,High,8.8,17.6
927,8.8,0.4,9.9,1.9,3.19,High,8.8,17.6
446,8.8,0.3,5.4,2.1,3.12,High,8.8,17.6
921,8.8,3.7,9.5,1.6,3.29,High,8.8,17.6
1923,8.8,0.9,6.1,1.0,3.53,High,8.8,17.6
888,8.8,3.2,9.7,0.7,3.07,High,8.8,17.6
75,8.8,3.0,5.5,5.4,3.58,High,8.8,17.6
73,8.8,3.2,10.0,0.8,3.58,High,8.8,17.6
991,8.8,3.8,8.4,1.1,3.3,High,8.8,17.6
176,8.8,0.6,9.3,2.6,3.3,High,8.8,17.6
1463,8.8,2.2,9.4,1.9,3.85,High,8.8,17.6
979,8.8,1.1,6.6,5.5,3.32,High,8.8,17.6
577,8.7,1.6,5.3,4.7,3.2,High,8.7,17.4
1742,8.7,1.6,6.8,2.4,3.42,High,8.7,17.4
1857,8.7,2.4,8.4,0.1,3.51,High,8.7,17.4
1911,8.7,0.6,9.6,4.6,3.57,High,8.7,17.4
1658,8.7,2.0,5.3,4.3,2.96,High,8.7,17.4
1870,8.7,2.5,9.9,1.5,3.36,High,8.7,17.4
1829,8.7,1.6,6.3,2.3,2.87,High,8.7,17.4
1898,8.7,3.0,8.3,0.9,3.1,High,8.7,17.4
747,8.7,3.3,5.7,5.0,3.55,High,8.7,17.4
1637,8.7,2.2,7.6,1.9,3.73,High,8.7,17.4
582,8.7,2.8,7.1,1.9,3.12,High,8.7,17.4
653,8.7,3.2,9.3,2.8,3.1,High,8.7,17.4
72,8.7,3.2,6.4,1.0,3.37,High,8.7,17.4
1120,8.7,0.9,9.1,3.1,3.65,High,8.7,17.4
598,8.7,2.4,8.4,0.4,3.16,High,8.7,17.4
1546,8.7,1.0,5.9,3.2,3.17,High,8.7,17.4
1464,8.7,3.9,5.4,0.3,3.42,High,8.7,17.4
943,8.7,3.7,7.1,1.5,3.29,High,8.7,17.4
1466,8.7,1.2,6.5,5.0,3.25,High,8.7,17.4
434,8.7,2.0,8.2,0.4,3.42,High,8.7,17.4
955,8.7,3.1,9.9,1.3,3.55,High,8.7,17.4
425,8.7,0.2,9.5,4.8,3.5,High,8.7,17.4
1331,8.7,3.3,8.9,0.1,3.34,High,8.7,17.4
866,8.7,3.7,7.9,0.7,3.57,High,8.7,17.4
862,8.7,0.1,7.9,5.6,3.3,High,8.7,17.4
300,8.7,3.5,6.1,0.5,3.37,High,8.7,17.4
1539,8.7,2.7,9.2,0.8,3.58,High,8.7,17.4
1258,8.7,1.1,5.6,1.5,3.24,High,8.7,17.4
1545,8.7,3.1,7.5,1.4,2.99,High,8.7,17.4
939,8.7,2.2,9.4,2.0,3.03,High,8.7,17.4
1586,8.7,2.5,9.0,1.6,3.53,High,8.7,17.4
1022,8.7,4.0,6.4,2.6,3.21,High,8.7,17.4
497,8.7,1.3,5.0,3.1,3.24,High,8.7,17.4
386,8.7,3.9,6.3,3.3,3.2,High,8.7,17.4
1080,8.7,2.7,6.0,2.1,3.67,High,8.7,17.4
484,8.7,0.6,8.8,4.5,3.41,High,8.7,17.4
1202,8.6,1.2,8.9,2.3,3.24,High,8.6,17.2
1367,8.6,0.2,9.3,2.7,3.11,High,8.6,17.2
1366,8.6,1.6,8.1,4.0,2.94,High,8.6,17.2
260,8.6,3.6,5.9,1.4,3.37,High,8.6,17.2
1876,8.6,3.2,9.3,2.9,3.38,High,8.6,17.2
1991,8.6,3.8,9.2,2.2,3.26,High,8.6,17.2
1356,8.6,3.7,7.0,0.9,3.48,High,8.6,17.2
1193,8.6,0.3,7.3,1.0,3.51,High,8.6,17.2
1344,8.6,0.1,6.0,2.9,3.42,High,8.6,17.2
17,8.6,2.6,9.4,1.6,3.36,High,8.6,17.2
1884,8.6,2.2,7.1,3.4,3.18,High,8.6,17.2
1900,8.6,0.4,8.7,0.8,3.22,High,8.6,17.2
1969,8.6,2.3,5.4,4.2,3.38,High,8.6,17.2
1294,8.6,3.5,9.7,1.8,3.3,High,8.6,17.2
38,8.6,3.6,9.4,1.9,3.03,High,8.6,17.2
564,8.6,1.8,9.6,2.8,3.47,High,8.6,17.2
565,8.6,3.4,6.4,4.5,3.18,High,8.6,17.2
1031,8.6,1.5,5.5,2.7,3.49,High,8.6,17.2
1385,8.6,1.8,6.3,1.1,3.2,High,8.6,17.2
617,8.6,2.9,7.6,0.8,3.15,High,8.6,17.2
634,8.6,2.6,8.5,0.0,2.85,High,8.6,17.2
406,8.6,3.6,5.4,4.4,3.81,High,8.6,17.2
567,8.6,2.2,9.7,1.7,3.07,High,8.6,17.2
149,8.6,2.6,8.5,2.3,3.14,High,8.6,17.2
449,8.6,0.5,9.5,0.4,3.06,High,8.6,17.2
873,8.6,1.1,9.4,0.2,3.36,High,8.6,17.2
1125,8.6,2.3,7.5,1.1,2.97,High,8.6,17.2
1714,8.6,1.7,8.2,1.9,3.46,High,8.6,17.2
1729,8.6,0.8,6.7,2.8,3.52,High,8.6,17.2
503,8.6,2.7,9.8,2.2,3.31,High,8.6,17.2
189,8.6,2.0,8.4,2.2,3.43,High,8.6,17.2
793,8.6,1.3,8.3,3.2,3.11,High,8.6,17.2
1750,8.6,0.0,9.8,4.6,3.48,High,8.6,17.2
1768,8.6,0.4,9.2,4.2,3.27,High,8.6,17.2
1525,8.6,2.7,5.5,5.5,2.9,High,8.6,17.2
1569,8.6,2.7,5.1,2.5,3.54,High,8.6,17.2
533,8.6,3.9,7.8,1.0,3.69,High,8.6,17.2
1826,8.6,3.0,5.3,1.3,3.06,High,8.6,17.2
1448,8.6,3.6,5.6,5.9,3.21,High,8.6,17.2
1834,8.6,0.8,7.2,0.4,3.32,High,8.6,17.2
1460,8.6,2.7,7.4,3.4,3.45,High,8.6,17.2
1647,8.6,0.9,6.0,2.5,3.38,High,8.6,17.2
540,8.6,0.4,7.1,0.2,3.2,High,8.6,17.2
216,8.6,2.0,5.4,1.3,3.14,High,8.6,17.2
1487,8.6,0.0,9.7,0.9,3.14,High,8.6,17.2
803,8.5,2.8,8.8,3.4,3.63,High,8.5,17.0
811,8.5,2.2,6.8,5.5,3.07,High,8.5,17.0
1581,8.5,0.9,5.2,1.2,3.17,High,8.5,17.0
1253,8.5,2.2,6.9,2.5,3.25,High,8.5,17.0
790,8.5,3.6,9.0,2.0,2.9,High,8.5,17.0
1610,8.5,1.8,9.7,0.6,3.34,High,8.5,17.0
1568,8.5,3.2,8.1,0.6,3.09,High,8.5,17.0
1985,8.5,0.3,7.1,3.4,3.23,High,8.5,17.0
1404,8.5,1.8,7.7,5.1,3.23,High,8.5,17.0
621,8.5,0.7,7.5,2.5,3.34,High,8.5,17.0
1004,8.5,0.3,9.3,2.8,3.26,High,8.5,17.0
1534,8.5,0.1,9.4,0.8,3.25,High,8.5,17.0
1000,8.5,1.6,7.5,0.0,3.63,High,8.5,17.0
1281,8.5,3.3,9.3,1.2,3.25,High,8.5,17.0
590,8.5,2.7,7.0,0.1,3.01,High,8.5,17.0
1760,8.5,2.8,7.5,4.8,3.06,High,8.5,17.0
1774,8.5,1.5,7.8,0.6,3.02,High,8.5,17.0
1787,8.5,1.6,9.4,1.3,2.9,High,8.5,17.0
1823,8.5,2.3,9.2,0.3,3.34,High,8.5,17.0
1739,8.5,3.8,6.2,4.1,2.93,High,8.5,17.0
1001,8.5,2.6,5.2,2.2,3.26,High,8.5,17.0
153,8.5,3.7,8.5,0.5,3.65,High,8.5,17.0
561,8.5,0.7,8.9,3.4,3.41,High,8.5,17.0
212,8.5,0.6,9.1,1.3,3.16,High,8.5,17.0
328,8.5,0.2,7.5,6.0,3.21,High,8.5,17.0
106,8.5,0.9,5.7,0.1,3.55,High,8.5,17.0
95,8.5,2.1,6.5,4.9,3.1,High,8.5,17.0
248,8.5,3.5,8.6,2.7,3.15,High,8.5,17.0
220,8.5,2.7,8.1,3.5,3.38,High,8.5,17.0
423,8.5,2.2,5.5,1.5,3.27,High,8.5,17.0
83,8.5,0.3,5.4,5.9,2.99,High,8.5,17.0
195,8.5,3.7,5.9,3.4,3.06,High,8.5,17.0
294,8.5,0.4,7.8,1.5,3.01,High,8.5,17.0
570,8.5,3.3,7.7,4.4,3.2,High,8.5,17.0
303,8.5,1.6,7.1,4.3,3.39,High,8.5,17.0
415,8.5,2.1,6.5,1.3,3.38,High,8.5,17.0
1205,8.4,1.1,6.4,5.6,3.37,High,8.4,16.8
1098,8.4,3.9,9.9,1.2,3.08,High,8.4,16.8
1096,8.4,2.7,8.1,1.3,3.68,High,8.4,16.8
1948,8.4,2.9,9.8,0.8,3.28,High,8.4,16.8
453,8.4,1.1,6.5,4.7,3.54,High,8.4,16.8
460,8.4,0.6,7.4,0.2,3.32,High,8.4,16.8
1092,8.4,1.2,5.9,1.8,3.25,High,8.4,16.8
1353,8.4,0.5,6.8,3.6,3.34,High,8.4,16.8
230,8.4,1.8,6.4,6.0,3.25,High,8.4,16.8
878,8.4,2.9,7.9,1.0,3.2,High,8.4,16.8
1676,8.4,3.4,7.1,3.9,3.26,High,8.4,16.8
662,8.4,1.5,9.7,0.7,3.16,High,8.4,16.8
1088,8.4,2.4,8.8,1.4,3.17,High,8.4,16.8
1134,8.4,0.8,6.2,1.7,3.12,High,8.4,16.8
481,8.4,2.9,8.5,0.6,3.07,High,8.4,16.8
812,8.4,1.6,8.8,2.4,3.51,High,8.4,16.8
1764,8.4,2.5,9.1,0.2,2.65,High,8.4,16.8
791,8.4,3.8,6.5,0.0,3.08,High,8.4,16.8
773,8.4,1.1,5.4,6.0,3.44,High,8.4,16.8
79,8.4,3.0,9.0,2.8,3.26,High,8.4,16.8
706,8.4,2.3,9.6,1.4,3.41,High,8.4,16.8
368,8.4,3.2,6.3,5.0,3.5,High,8.4,16.8
459,8.4,2.4,6.8,1.3,3.25,High,8.4,16.8
1277,8.4,3.2,7.8,3.4,3.02,High,8.4,16.8
1560,8.4,1.2,7.9,0.4,3.06,High,8.4,16.8
413,8.4,1.3,8.4,0.4,3.32,High,8.4,16.8
614,8.4,3.4,9.3,2.2,3.2,High,8.4,16.8
8,8.4,1.8,5.6,3.0,3.2,High,8.4,16.8
217,8.4,0.3,9.3,3.0,3.77,High,8.4,16.8
1549,8.4,0.3,7.0,5.8,2.9,High,8.4,16.8
1034,8.4,1.1,8.7,0.3,2.86,High,8.4,16.8
227,8.4,0.3,6.5,4.2,3.29,High,8.4,16.8
578,8.4,1.3,5.3,2.2,2.92,High,8.4,16.8
1169,8.3,4.0,6.3,3.6,3.36,High,8.3,16.6
61,8.3,1.1,9.8,3.5,3.67,High,8.3,16.6
1596,8.3,3.4,6.3,2.9,3.26,High,8.3,16.6
485,8.3,3.1,9.2,2.1,3.24,High,8.3,16.6
113,8.3,0.7,6.0,0.2,3.14,High,8.3,16.6
1280,8.3,3.6,5.5,1.4,3.4,High,8.3,16.6
41,8.3,0.9,8.6,1.4,3.48,High,8.3,16.6
1745,8.3,1.6,9.5,2.9,3.12,High,8.3,16.6
1144,8.3,3.3,5.1,3.3,3.27,High,8.3,16.6
817,8.3,1.8,8.2,0.4,3.33,High,8.3,16.6
724,8.3,3.6,7.0,1.7,3.5,High,8.3,16.6
1481,8.3,2.5,6.4,2.3,3.31,High,8.3,16.6
1256,8.3,1.6,7.4,0.3,3.29,High,8.3,16.6
545,8.3,1.0,6.0,5.5,3.25,High,8.3,16.6
215,8.3,2.2,5.4,2.5,2.97,High,8.3,16.6
1766,8.3,1.5,8.6,1.9,2.86,High,8.3,16.6
1441,8.3,1.9,8.2,2.5,3.25,High,8.3,16.6
1913,8.3,1.4,9.5,1.4,3.06,High,8.3,16.6
299,8.3,0.4,8.1,2.7,3.01,High,8.3,16.6
67,8.3,0.7,5.4,3.9,3.26,High,8.3,16.6
792,8.3,2.5,8.0,0.1,3.1,High,8.3,16.6
739,8.3,0.3,6.8,3.3,3.48,High,8.3,16.6
1803,8.3,1.4,8.4,0.1,3.23,High,8.3,16.6
584,8.3,3.9,8.0,0.3,3.04,High,8.3,16.6
1413,8.3,3.9,5.9,3.5,2.95,High,8.3,16.6
186,8.3,3.7,8.7,0.7,3.77,High,8.3,16.6
1956,8.3,3.8,9.1,0.1,3.48,High,8.3,16.6
1105,8.3,1.6,8.0,0.6,3.4,High,8.3,16.6
716,8.3,3.0,8.8,2.3,2.92,High,8.3,16.6
1381,8.3,1.7,9.1,4.4,3.26,High,8.3,16.6
1341,8.3,1.1,7.9,3.5,3.49,High,8.3,16.6
872,8.3,2.7,9.7,3.3,2.95,High,8.3,16.6
1615,8.3,3.8,5.0,1.5,3.43,High,8.3,16.6
900,8.3,2.4,7.1,2.5,3.22,High,8.3,16.6
1211,8.3,3.3,7.1,0.4,3.56,High,8.3,16.6
1678,8.3,2.8,7.9,1.8,3.44,High,8.3,16.6
1680,8.3,1.3,7.0,1.6,3.39,High,8.3,16.6
1523,8.3,0.9,6.4,1.9,3.18,High,8.3,16.6
452,8.3,3.4,8.5,1.6,3.07,High,8.3,16.6
1608,8.3,1.7,5.9,4.1,3.11,High,8.3,16.6
253,8.3,2.0,7.8,4.2,3.25,High,8.3,16.6
1216,8.3,1.4,9.7,4.2,3.25,High,8.3,16.6
224,8.2,1.0,8.2,3.2,3.24,High,8.2,16.4
1810,8.2,1.9,7.5,2.6,3.13,High,8.2,16.4
510,8.2,1.6,8.6,1.1,3.46,High,8.2,16.4
78,8.2,1.8,6.5,2.0,3.35,High,8.2,16.4
1822,8.2,3.3,5.5,3.0,3.5,High,8.2,16.4
1557,8.2,1.2,6.2,4.4,3.08,High,8.2,16.4
519,8.2,3.9,9.2,0.1,3.26,High,8.2,16.4
226,8.2,3.7,5.5,5.6,3.29,High,8.2,16.4
502,8.2,2.8,5.0,1.0,3.2,High,8.2,16.4
1172,8.2,3.2,7.3,1.9,3.2,High,8.2,16.4
448,8.2,3.7,8.1,3.5,3.23,High,8.2,16.4
1611,8.2,1.5,9.8,1.5,3.4,High,8.2,16.4
1387,8.2,0.1,7.2,5.3,3.12,High,8.2,16.4
1462,8.2,2.8,9.4,1.2,3.06,High,8.2,16.4
1695,8.2,2.5,7.8,5.4,3.4,High,8.2,16.4
1153,8.2,0.9,8.6,5.2,3.03,High,8.2,16.4
111,8.2,1.0,5.4,0.8,3.3,High,8.2,16.4
373,8.2,3.1,5.6,2.5,3.16,High,8.2,16.4
1127,8.2,2.2,5.6,2.3,3.28,High,8.2,16.4
1705,8.2,3.4,8.0,3.8,3.26,High,8.2,16.4
1502,8.2,0.2,5.3,2.7,3.55,High,8.2,16.4
1710,8.2,2.2,5.1,4.2,3.48,High,8.2,16.4
367,8.2,0.3,7.9,3.4,3.64,High,8.2,16.4
1066,8.2,0.5,8.3,5.9,3.44,High,8.2,16.4
984,8.2,3.6,8.1,0.5,3.18,High,8.2,16.4
886,8.2,2.0,5.6,1.9,2.81,High,8.2,16.4
1779,8.2,3.9,6.6,2.4,3.32,High,8.2,16.4
1537,8.2,1.0,9.7,0.9,2.81,High,8.2,16.4
405,8.2,0.7,9.4,2.4,3.47,High,8.2,16.4
358,8.2,3.0,5.8,2.8,3.31,High,8.2,16.4
1103,8.2,2.9,6.3,4.3,3.21,High,8.2,16.4
1100,8.2,1.7,7.2,1.9,3.38,High,8.2,16.4
125,8.2,2.3,6.8,5.9,2.95,High,8.2,16.4
178,8.2,1.0,5.7,5.0,2.89,High,8.2,16.4
1029,8.2,2.0,7.2,5.8,3.45,High,8.2,16.4
1084,8.2,1.3,9.8,0.2,3.38,High,8.2,16.4
1143,8.2,0.1,9.8,0.3,3.37,High,8.2,16.4
1980,8.2,2.2,5.3,4.5,3.43,High,8.2,16.4
1873,8.2,3.0,8.4,0.9,3.52,High,8.2,16.4
42,8.2,3.4,8.3,2.3,3.07,High,8.2,16.4
1235,8.2,3.9,8.6,3.1,3.02,High,8.2,16.4
1862,8.2,3.0,9.9,0.5,3.3,High,8.2,16.4
39,8.2,0.3,5.8,5.4,3.29,High,8.2,16.4
1942,8.2,1.2,5.1,5.3,3.19,High,8.2,16.4
586,8.2,1.1,5.1,5.8,3.5,High,8.2,16.4
664,8.2,2.4,5.9,4.2,3.13,High,8.2,16.4
34,8.2,0.7,8.5,2.3,3.24,High,8.2,16.4
1206,8.2,0.1,8.1,3.1,3.56,High,8.2,16.4
928,8.1,0.8,5.7,5.6,3.45,High,8.1,16.2
1148,8.1,1.0,9.0,4.8,3.22,High,8.1,16.2
1814,8.1,0.8,7.3,4.3,3.12,High,8.1,16.2
1959,8.1,3.3,6.8,2.5,2.86,High,8.1,16.2
987,8.1,0.2,6.6,2.8,3.14,High,8.1,16.2
1311,8.1,1.4,9.3,2.3,3.11,High,8.1,16.2
208,8.1,0.7,10.0,1.2,3.35,High,8.1,16.2
1776,8.1,1.7,5.9,5.7,3.17,High,8.1,16.2
437,8.1,1.1,6.0,3.1,3.15,High,8.1,16.2
804,8.1,0.7,5.1,1.7,3.21,High,8.1,16.2
346,8.1,1.5,6.0,0.7,3.06,High,8.1,16.2
1769,8.1,3.3,7.0,1.2,3.8,High,8.1,16.2
244,8.1,2.8,7.8,0.1,2.98,High,8.1,16.2
97,8.1,1.7,9.7,3.9,3.45,High,8.1,16.2
1083,8.1,3.1,8.5,3.6,3.12,High,8.1,16.2
347,8.1,3.1,8.2,2.4,3.09,High,8.1,16.2
1574,8.1,2.8,6.7,0.6,3.5,High,8.1,16.2
964,8.1,3.9,8.6,3.1,2.99,High,8.1,16.2
1194,8.1,2.7,9.2,0.9,2.78,High,8.1,16.2
1237,8.1,0.0,6.0,2.9,3.19,High,8.1,16.2
91,8.1,2.8,7.3,3.6,3.39,High,8.1,16.2
175,8.1,1.6,7.8,2.6,3.26,High,8.1,16.2
638,8.1,3.0,5.8,1.2,3.04,High,8.1,16.2
361,8.1,0.8,6.8,4.7,3.19,High,8.1,16.2
1152,8.1,1.4,8.9,1.3,3.27,High,8.1,16.2
480,8.1,3.7,5.1,2.9,2.63,High,8.1,16.2
1999,8.1,0.7,7.6,3.5,3.04,High,8.1,16.2
471,8.1,0.8,7.0,0.2,3.74,High,8.1,16.2
1698,8.1,3.3,5.8,3.6,3.22,High,8.1,16.2
1931,8.1,1.8,5.2,0.1,3.28,High,8.1,16.2
1174,8.1,3.8,7.9,2.3,3.72,High,8.1,16.2
1940,8.1,2.9,8.4,2.2,3.52,High,8.1,16.2
1104,8.1,0.6,9.1,1.4,3.15,High,8.1,16.2
118,8.1,1.5,7.3,4.5,2.75,High,8.1,16.2
1321,8.1,0.2,7.0,3.9,3.41,High,8.1,16.2
1480,8.1,0.4,7.0,4.3,3.24,High,8.1,16.2
5,8.1,0.6,6.5,2.2,3.51,High,8.1,16.2
782,8.1,3.0,6.1,0.4,3.37,High,8.1,16.2
1060,8.1,0.3,5.6,0.3,3.25,High,8.1,16.2
285,8.0,2.7,8.1,2.4,3.4,Moderate,8.0,16.0
931,8.0,3.3,6.9,0.8,3.08,Moderate,8.0,16.0
829,8.0,3.6,6.9,1.2,3.08,Moderate,8.0,16.0
1930,8.0,2.7,10.0,0.8,3.2,Moderate,8.0,16.0
1115,8.0,2.5,7.1,0.9,3.13,Moderate,8.0,16.0
357,8.0,2.0,6.5,3.4,3.35,Moderate,8.0,16.0
1892,8.0,2.5,7.7,0.5,3.12,Moderate,8.0,16.0
1699,8.0,0.7,5.6,5.9,2.93,High,8.0,16.0
560,8.0,2.6,5.4,3.3,3.48,High,8.0,16.0
156,8.0,1.6,5.3,2.0,3.42,High,8.0,16.0
464,8.0,3.3,9.9,0.8,3.13,Moderate,8.0,16.0
1645,8.0,2.4,9.1,1.9,3.01,Moderate,8.0,16.0
432,8.0,2.8,6.2,3.1,3.46,Moderate,8.0,16.0
1707,8.0,2.9,7.9,0.3,3.25,Moderate,8.0,16.0
798,8.0,1.6,6.2,0.6,3.38,Moderate,8.0,16.0
903,8.0,4.0,7.2,4.4,3.11,Moderate,8.0,16.0
861,8.0,2.1,6.4,0.0,2.83,Moderate,8.0,16.0
1429,8.0,3.2,5.5,2.4,3.36,High,8.0,16.0
1423,8.0,1.6,6.1,1.5,2.75,Moderate,8.0,16.0
1039,8.0,3.0,6.1,5.0,2.9,Moderate,8.0,16.0
242,8.0,1.2,8.5,5.2,2.72,Moderate,8.0,16.0
780,8.0,2.4,8.4,3.0,2.96,Moderate,8.0,16.0
1038,8.0,0.4,8.4,0.4,3.39,Moderate,8.0,16.0
1872,8.0,1.8,6.8,2.1,3.23,Moderate,8.0,16.0
982,8.0,0.3,8.4,5.6,3.28,Moderate,8.0,16.0
1976,8.0,2.4,6.8,5.4,3.42,Moderate,8.0,16.0
1306,8.0,0.3,6.1,5.6,2.76,Moderate,8.0,16.0
704,8.0,1.1,5.9,2.3,3.27,High,8.0,16.0
7,8.0,0.7,5.3,5.7,3.08,High,8.0,16.0
727,8.0,3.0,5.2,4.0,3.01,High,8.0,16.0
1476,8.0,0.7,8.7,1.8,3.25,Moderate,8.0,16.0
1986,8.0,1.3,8.9,4.9,2.93,Moderate,8.0,16.0
1878,8.0,2.0,8.2,5.6,3.4,Moderate,8.0,16.0
302,8.0,2.0,9.9,0.6,2.93,Moderate,8.0,16.0
588,8.0,3.5,9.7,0.3,3.02,Moderate,8.0,16.0
509,8.0,1.2,5.7,3.9,3.03,High,8.0,16.0
182,8.0,2.7,5.9,5.5,3.4,High,8.0,16.0
1024,8.0,0.9,7.7,4.2,3.44,Moderate,8.0,16.0
1350,7.9,2.5,7.8,4.3,3.19,Moderate,7.9,15.8
591,7.9,1.0,7.3,5.7,3.41,Moderate,7.9,15.8
999,7.9,3.5,5.8,3.6,3.01,High,7.9,15.8
826,7.9,3.7,8.4,1.9,2.68,Moderate,7.9,15.8
1626,7.9,2.7,9.0,2.9,3.17,Moderate,7.9,15.8
668,7.9,2.4,6.8,0.3,3.14,Moderate,7.9,15.8
525,7.9,0.6,9.1,3.8,3.5,Moderate,7.9,15.8
451,7.9,0.2,5.6,3.4,3.44,High,7.9,15.8
1436,7.9,2.2,8.2,1.5,2.87,Moderate,7.9,15.8
1450,7.9,3.6,6.6,4.0,3.29,Moderate,7.9,15.8
138,7.9,3.4,5.7,4.8,3.15,High,7.9,15.8
1899,7.9,2.3,7.4,3.3,3.75,Moderate,7.9,15.8
1955,7.9,2.0,9.4,0.4,3.42,Moderate,7.9,15.8
1412,7.9,1.6,6.8,1.3,3.1,Moderate,7.9,15.8
374,7.9,2.4,5.9,2.2,3.4,High,7.9,15.8
1690,7.9,1.8,5.2,1.9,3.07,High,7.9,15.8
469,7.9,0.6,7.2,3.8,2.68,Moderate,7.9,15.8
45,7.9,2.0,6.0,4.3,2.97,Moderate,7.9,15.8
1310,7.9,3.8,7.5,0.4,3.11,Moderate,7.9,15.8
94,7.9,0.3,9.9,5.8,3.08,Moderate,7.9,15.8
1445,7.9,2.9,9.6,2.5,2.99,Moderate,7.9,15.8
1542,7.9,3.9,7.7,4.1,3.4,Moderate,7.9,15.8
1973,7.9,2.8,5.5,4.9,3.03,High,7.9,15.8
1085,7.9,0.7,8.6,1.1,3.18,Moderate,7.9,15.8
767,7.9,3.2,8.8,0.6,3.09,Moderate,7.9,15.8
1190,7.9,3.6,7.8,0.8,3.45,Moderate,7.9,15.8
1599,7.9,1.8,9.3,4.8,3.34,Moderate,7.9,15.8
806,7.9,2.2,5.4,0.3,2.99,High,7.9,15.8
983,7.9,0.5,7.9,4.6,3.38,Moderate,7.9,15.8
1271,7.9,1.8,6.7,4.5,3.24,Moderate,7.9,15.8
1600,7.9,2.2,7.3,1.3,3.18,Moderate,7.9,15.8
1679,7.9,1.4,5.4,6.0,3.11,High,7.9,15.8
1051,7.9,3.6,7.8,3.0,3.05,Moderate,7.9,15.8
595,7.9,2.5,8.2,1.3,3.08,Moderate,7.9,15.8
1995,7.9,3.4,9.0,0.5,3.08,Moderate,7.9,15.8
657,7.8,2.5,9.3,2.6,3.2,Moderate,7.8,15.6
466,7.8,2.2,8.8,4.3,3.2,Moderate,7.8,15.6
1050,7.8,1.1,7.4,2.0,3.04,Moderate,7.8,15.6
1967,7.8,1.0,9.8,0.2,3.04,Moderate,7.8,15.6
1932,7.8,2.2,5.2,2.8,3.0,High,7.8,15.6
1650,7.8,2.2,8.5,1.0,3.06,Moderate,7.8,15.6
954,7.8,0.6,8.6,3.6,3.26,Moderate,7.8,15.6
961,7.8,3.4,8.3,2.0,3.18,Moderate,7.8,15.6
280,7.8,3.0,9.4,1.5,3.25,Moderate,7.8,15.6
1564,7.8,1.3,6.5,4.4,2.69,Moderate,7.8,15.6
246,7.8,2.8,9.0,0.9,3.11,Moderate,7.8,15.6
1090,7.8,1.0,9.6,1.5,2.9,Moderate,7.8,15.6
572,7.8,1.6,5.7,5.2,3.06,High,7.8,15.6
1609,7.8,3.4,5.6,4.7,3.02,High,7.8,15.6
1493,7.8,0.4,6.0,2.5,3.24,Moderate,7.8,15.6
1006,7.8,0.2,9.9,3.1,3.07,Moderate,7.8,15.6
1377,7.8,2.9,9.7,3.3,3.09,Moderate,7.8,15.6
1219,7.8,3.0,6.4,3.4,3.14,Moderate,7.8,15.6
1372,7.8,1.9,7.5,1.1,3.18,Moderate,7.8,15.6
1421,7.8,1.0,8.3,0.7,2.69,Moderate,7.8,15.6
1472,7.8,3.7,5.0,4.5,3.16,High,7.8,15.6
1672,7.8,1.9,7.5,4.4,2.91,Moderate,7.8,15.6
1229,7.8,0.5,5.6,3.2,3.36,High,7.8,15.6
105,7.8,2.2,9.4,1.9,3.3,Moderate,7.8,15.6
1124,7.8,3.7,9.0,1.6,2.6,Moderate,7.8,15.6
1325,7.8,3.1,5.7,1.4,3.14,High,7.8,15.6
495,7.8,2.1,5.7,4.7,3.16,High,7.8,15.6
1246,7.8,3.6,9.6,0.0,3.09,Moderate,7.8,15.6
693,7.8,3.4,9.0,0.7,2.95,Moderate,7.8,15.6
1842,7.8,1.0,6.3,0.2,3.27,Moderate,7.8,15.6
1274,7.8,2.1,8.3,1.4,3.31,Moderate,7.8,15.6
1719,7.8,0.5,10.0,2.4,3.43,Moderate,7.8,15.6
1847,7.8,1.8,6.4,1.8,3.39,Moderate,7.8,15.6
822,7.8,3.6,7.0,1.7,3.19,Moderate,7.8,15.6
1503,7.7,3.6,5.5,4.9,3.06,High,7.7,15.4
1209,7.7,2.0,6.2,4.5,3.07,Moderate,7.7,15.4
1470,7.7,3.4,5.2,2.2,3.22,High,7.7,15.4
1646,7.7,1.8,7.2,0.5,2.97,Moderate,7.7,15.4
1509,7.7,0.2,5.0,1.5,3.0,High,7.7,15.4
1770,7.7,2.3,9.7,3.9,3.3,Moderate,7.7,15.4
1952,7.7,0.9,7.4,1.9,3.31,Moderate,7.7,15.4
925,7.7,0.3,6.9,2.5,3.08,Moderate,7.7,15.4
1756,7.7,1.1,9.5,5.3,2.99,Moderate,7.7,15.4
514,7.7,2.4,5.0,2.8,3.12,High,7.7,15.4
1623,7.7,0.1,7.2,4.7,3.37,Moderate,7.7,15.4
1625,7.7,1.3,5.7,5.3,3.36,High,7.7,15.4
1207,7.7,1.4,5.4,1.2,3.13,High,7.7,15.4
923,7.7,0.6,8.5,1.0,3.16,Moderate,7.7,15.4
1486,7.7,0.9,7.1,3.9,3.08,Moderate,7.7,15.4
1864,7.7,4.0,7.0,3.3,3.44,Moderate,7.7,15.4
911,7.7,4.0,9.3,0.3,2.96,Moderate,7.7,15.4
10,7.7,0.7,9.8,4.5,2.76,Moderate,7.7,15.4
1653,7.7,0.6,5.0,4.8,3.23,High,7.7,15.4
333,7.7,0.9,5.1,1.4,3.15,High,7.7,15.4
1023,7.7,1.6,5.8,5.9,3.15,High,7.7,15.4
1076,7.7,0.4,8.8,3.5,3.0,Moderate,7.7,15.4
1156,7.7,1.6,9.2,2.7,3.16,Moderate,7.7,15.4
1327,7.7,2.7,8.5,4.9,2.68,Moderate,7.7,15.4
721,7.7,1.2,7.5,1.8,2.88,Moderate,7.7,15.4
473,7.7,3.5,5.7,4.7,3.21,High,7.7,15.4
1276,7.7,0.3,9.0,1.3,2.9,Moderate,7.7,15.4
1552,7.7,3.3,5.5,5.7,2.99,High,7.7,15.4
1788,7.7,3.5,9.6,0.9,3.39,Moderate,7.7,15.4
1785,7.7,3.2,9.0,2.4,3.03,Moderate,7.7,15.4
622,7.7,0.5,8.0,0.7,3.34,Moderate,7.7,15.4
636,7.7,0.3,8.8,3.5,3.29,Moderate,7.7,15.4
786,7.7,0.7,6.5,4.0,3.54,Moderate,7.7,15.4
1150,7.7,0.4,7.1,5.1,2.94,Moderate,7.7,15.4
530,7.7,1.7,5.2,1.0,3.43,High,7.7,15.4
736,7.7,0.1,7.4,2.4,3.24,Moderate,7.7,15.4
1236,7.6,0.5,8.0,2.9,3.15,Moderate,7.6,15.2
104,7.6,3.1,7.6,4.9,2.99,Moderate,7.6,15.2
864,7.6,3.6,6.0,0.1,3.38,Moderate,7.6,15.2
1815,7.6,1.6,6.6,3.7,3.18,Moderate,7.6,15.2
1260,7.6,0.5,5.6,3.2,3.04,High,7.6,15.2
1795,7.6,2.1,9.6,2.6,2.78,Moderate,7.6,15.2
108,7.6,3.1,7.0,3.7,3.28,Moderate,7.6,15.2
516,7.6,3.9,5.6,0.1,3.28,High,7.6,15.2
610,7.6,2.1,6.8,2.1,2.97,Moderate,7.6,15.2
1805,7.6,1.4,7.3,4.1,3.09,Moderate,7.6,15.2
430,7.6,1.7,6.6,2.6,3.34,Moderate,7.6,15.2
1407,7.6,1.6,7.9,0.5,2.89,Moderate,7.6,15.2
1401,7.6,1.1,7.3,2.8,3.2,Moderate,7.6,15.2
1897,7.6,2.7,6.9,1.5,3.05,Moderate,7.6,15.2
1056,7.6,0.1,8.2,0.5,3.56,Moderate,7.6,15.2
548,7.6,3.0,6.4,2.1,2.83,Moderate,7.6,15.2
313,7.6,2.5,5.4,4.5,3.17,High,7.6,15.2
601,7.6,0.3,6.9,5.5,3.35,Moderate,7.6,15.2
1357,7.6,3.6,9.0,0.3,3.27,Moderate,7.6,15.2
1939,7.6,1.0,5.9,0.4,3.06,High,7.6,15.2
1025,7.6,4.0,8.1,1.6,3.02,Moderate,7.6,15.2
477,7.6,2.0,7.9,5.2,3.13,Moderate,7.6,15.2
1944,7.6,0.7,6.5,1.9,3.0,Moderate,7.6,15.2
341,7.6,2.7,5.2,0.5,3.07,High,7.6,15.2
1459,7.6,0.8,6.6,3.6,3.3,Moderate,7.6,15.2
1841,7.6,2.3,9.7,0.9,3.36,Moderate,7.6,15.2
1697,7.6,3.3,7.2,3.4,3.03,Moderate,7.6,15.2
1204,7.6,3.2,6.8,3.1,2.87,Moderate,7.6,15.2
1442,7.6,3.2,8.7,3.0,2.86,Moderate,7.6,15.2
1474,7.6,0.6,5.0,4.9,3.29,High,7.6,15.2
1732,7.6,3.5,6.4,0.5,3.12,Moderate,7.6,15.2
286,7.6,1.9,5.1,2.0,3.08,High,7.6,15.2
563,7.6,2.0,6.8,5.6,3.25,Moderate,7.6,15.2
1059,7.6,1.9,5.5,3.9,3.17,High,7.6,15.2
1374,7.6,0.5,9.7,1.1,3.07,Moderate,7.6,15.2
1950,7.6,1.3,9.3,2.7,2.98,Moderate,7.6,15.2
19,7.6,1.7,5.1,0.6,3.16,High,7.6,15.2
1167,7.5,0.3,6.0,5.7,3.11,Moderate,7.5,15.0
1860,7.5,3.1,6.1,1.6,3.07,Moderate,7.5,15.0
1158,7.5,2.3,6.2,4.8,2.93,Moderate,7.5,15.0
1846,7.5,0.1,6.6,4.9,3.14,Moderate,7.5,15.0
529,7.5,2.7,5.4,1.6,3.09,High,7.5,15.0
1482,7.5,2.8,6.2,1.9,3.02,Moderate,7.5,15.0
1053,7.5,1.3,6.3,2.8,3.21,Moderate,7.5,15.0
1993,7.5,2.1,9.9,4.1,3.04,Moderate,7.5,15.0
1529,7.5,3.4,9.0,1.7,3.03,Moderate,7.5,15.0
1221,7.5,1.3,7.2,5.1,3.27,Moderate,7.5,15.0
1977,7.5,1.9,10.0,2.3,3.14,Moderate,7.5,15.0
1825,7.5,3.3,7.0,0.6,2.82,Moderate,7.5,15.0
1981,7.5,2.6,7.5,3.0,3.02,Moderate,7.5,15.0
1002,7.5,3.6,8.6,2.5,3.19,Moderate,7.5,15.0
1170,7.5,1.2,5.8,1.7,3.25,High,7.5,15.0
409,7.5,3.3,6.7,1.0,3.29,Moderate,7.5,15.0
538,7.5,0.0,5.0,2.1,3.2,High,7.5,15.0
356,7.5,3.4,8.7,2.4,3.24,Moderate,7.5,15.0
1498,7.5,1.7,7.1,1.4,3.32,Moderate,7.5,15.0
744,7.5,2.9,9.8,0.8,3.19,Moderate,7.5,15.0
1686,7.5,3.3,9.3,2.4,3.36,Moderate,7.5,15.0
461,7.5,3.9,6.9,0.2,3.11,Moderate,7.5,15.0
1249,7.5,0.3,7.8,3.0,3.09,Moderate,7.5,15.0
1938,7.5,1.8,7.6,0.8,2.93,Moderate,7.5,15.0
493,7.5,1.8,7.9,3.7,3.17,Moderate,7.5,15.0
1909,7.5,0.1,5.0,1.4,3.07,High,7.5,15.0
1726,7.5,1.9,6.3,3.0,3.4,Moderate,7.5,15.0
440,7.5,3.5,7.5,3.9,2.97,Moderate,7.5,15.0
550,7.5,0.8,8.0,1.1,3.43,Moderate,7.5,15.0
879,7.5,1.2,7.1,3.9,2.96,Moderate,7.5,15.0
369,7.5,0.3,5.3,2.0,3.26,High,7.5,15.0
875,7.5,2.7,6.2,4.5,2.97,Moderate,7.5,15.0
1338,7.5,3.5,6.2,0.5,3.0,Moderate,7.5,15.0
276,7.5,2.5,9.3,2.7,3.2,Moderate,7.5,15.0
1919,7.5,3.6,9.7,2.6,2.84,Moderate,7.5,15.0
663,7.5,2.8,8.5,3.4,2.98,Moderate,7.5,15.0
1087,7.5,3.6,5.7,3.9,3.01,High,7.5,15.0
1631,7.4,2.2,9.6,4.3,2.77,Moderate,7.4,14.8
1361,7.4,3.0,9.3,2.7,2.95,Moderate,7.4,14.8
910,7.4,3.9,8.8,1.0,3.11,Moderate,7.4,14.8
1902,7.4,3.3,9.8,2.2,3.06,Moderate,7.4,14.8
1907,7.4,3.5,5.2,3.9,3.26,High,7.4,14.8
1368,7.4,3.5,6.9,4.5,2.95,Moderate,7.4,14.8
1741,7.4,2.5,7.0,1.2,3.11,Moderate,7.4,14.8
641,7.4,2.9,6.4,1.2,2.89,Moderate,7.4,14.8
1397,7.4,2.8,5.3,1.2,3.25,High,7.4,14.8
891,7.4,3.4,6.9,1.0,3.15,Moderate,7.4,14.8
1937,7.4,1.6,9.6,0.7,2.75,Moderate,7.4,14.8
966,7.4,2.1,6.7,3.1,3.44,Moderate,7.4,14.8
1027,7.4,3.2,7.9,1.9,2.99,Moderate,7.4,14.8
1718,7.4,1.2,7.6,2.3,3.03,Moderate,7.4,14.8
1838,7.4,2.0,6.6,0.8,3.1,Moderate,7.4,14.8
883,7.4,0.4,6.2,1.9,3.16,Moderate,7.4,14.8
64,7.4,0.4,7.5,2.8,3.26,Moderate,7.4,14.8
667,7.4,1.6,5.8,3.4,3.19,High,7.4,14.8
1241,7.4,0.0,5.4,4.8,3.14,High,7.4,14.8
1203,7.4,3.1,6.9,2.7,2.82,Moderate,7.4,14.8
1286,7.4,4.0,8.4,0.3,3.15,Moderate,7.4,14.8
860,7.4,0.5,6.3,2.5,3.4,Moderate,7.4,14.8
1957,7.4,1.6,6.6,2.7,2.88,Moderate,7.4,14.8
1894,7.4,2.7,9.4,3.4,3.04,Moderate,7.4,14.8
1146,7.4,0.6,8.2,1.0,3.11,Moderate,7.4,14.8
784,7.4,3.7,6.7,2.8,3.36,Moderate,7.4,14.8
1405,7.4,1.5,7.5,3.5,3.33,Moderate,7.4,14.8
541,7.4,2.6,5.6,1.7,3.26,High,7.4,14.8
1800,7.4,0.2,9.9,4.3,2.84,Moderate,7.4,14.8
1966,7.4,0.9,8.5,1.1,3.48,Moderate,7.4,14.8
1301,7.4,2.1,9.9,4.4,3.23,Moderate,7.4,14.8
1528,7.4,2.5,7.3,5.4,3.25,Moderate,7.4,14.8
291,7.4,1.0,6.4,1.8,3.15,Moderate,7.4,14.8
689,7.4,2.6,6.1,3.3,3.41,Moderate,7.4,14.8
1157,7.4,2.0,9.2,4.5,2.77,Moderate,7.4,14.8
1791,7.4,0.1,8.4,1.8,2.75,Moderate,7.4,14.8
1972,7.4,3.7,7.6,2.6,3.29,Moderate,7.4,14.8
972,7.4,1.7,5.4,0.6,3.23,High,7.4,14.8
971,7.4,0.3,9.9,3.1,2.84,Moderate,7.4,14.8
1159,7.4,1.3,5.5,1.4,3.09,High,7.4,14.8
699,7.4,1.7,8.0,6.0,3.0,Moderate,7.4,14.8
950,7.4,0.9,9.8,4.2,2.94,Moderate,7.4,14.8
944,7.4,1.4,9.5,3.2,3.22,Moderate,7.4,14.8
1761,7.4,1.8,6.0,1.8,3.13,Moderate,7.4,14.8
1821,7.4,3.8,5.6,5.7,3.27,High,7.4,14.8
408,7.4,3.3,7.3,2.1,3.34,Moderate,7.4,14.8
686,7.4,3.4,6.8,5.2,3.45,Moderate,7.4,14.8
412,7.4,3.9,8.2,0.6,3.02,Moderate,7.4,14.8
1874,7.4,2.1,8.9,3.7,3.1,Moderate,7.4,14.8
1853,7.4,2.0,6.1,1.6,3.22,Moderate,7.4,14.8
508,7.4,3.5,6.1,4.1,2.88,Moderate,7.4,14.8
1386,7.4,1.4,6.6,5.8,2.87,Moderate,7.4,14.8
391,7.3,1.9,5.8,5.7,3.18,High,7.3,14.6
1208,7.3,0.2,5.2,4.3,3.21,High,7.3,14.6
1210,7.3,1.1,6.2,3.9,3.0,Moderate,7.3,14.6
1068,7.3,0.2,7.1,2.8,3.27,Moderate,7.3,14.6
272,7.3,2.1,7.4,4.0,3.16,Moderate,7.3,14.6
1296,7.3,1.1,9.8,1.8,2.91,Moderate,7.3,14.6
392,7.3,1.6,8.3,3.3,3.28,Moderate,7.3,14.6
1119,7.3,2.1,5.0,2.5,3.0,High,7.3,14.6
1145,7.3,2.0,5.4,4.1,3.41,High,7.3,14.6
309,7.3,0.2,7.8,5.7,3.2,Moderate,7.3,14.6
250,7.3,2.6,7.6,4.4,3.13,Moderate,7.3,14.6
1215,7.3,2.3,6.8,1.0,3.35,Moderate,7.3,14.6
1635,7.3,1.9,9.4,4.1,3.51,Moderate,7.3,14.6
696,7.3,1.4,5.5,2.9,3.19,High,7.3,14.6
1639,7.3,1.6,8.4,1.5,3.27,Moderate,7.3,14.6
1905,7.3,1.3,7.4,4.9,2.83,Moderate,7.3,14.6
948,7.3,3.0,6.8,3.8,2.91,Moderate,7.3,14.6
683,7.3,2.9,7.9,3.9,3.19,Moderate,7.3,14.6
155,7.3,0.5,9.9,5.0,3.11,Moderate,7.3,14.6
1607,7.3,0.1,8.2,2.5,2.92,Moderate,7.3,14.6
151,7.3,3.8,5.8,3.5,3.58,High,7.3,14.6
1622,7.3,1.7,5.8,2.6,3.07,High,7.3,14.6
54,7.3,2.2,6.4,3.5,3.11,Moderate,7.3,14.6
339,7.3,2.5,8.3,5.3,3.36,Moderate,7.3,14.6
698,7.3,1.9,8.8,0.9,3.06,Moderate,7.3,14.6
893,7.3,3.3,9.1,3.1,3.34,Moderate,7.3,14.6
418,7.3,3.5,7.7,2.1,2.9,Moderate,7.3,14.6
1844,7.3,2.8,6.9,1.0,3.24,Moderate,7.3,14.6
527,7.3,3.6,8.5,0.3,2.93,Moderate,7.3,14.6
69,7.3,2.2,9.7,1.9,3.15,Moderate,7.3,14.6
475,7.3,3.9,7.4,4.7,2.74,Moderate,7.3,14.6
1794,7.3,0.3,8.0,1.6,3.15,Moderate,7.3,14.6
1706,7.3,0.0,7.8,4.0,2.75,Moderate,7.3,14.6
1789,7.3,2.2,9.7,4.8,3.25,Moderate,7.3,14.6
397,7.3,3.6,7.7,2.7,3.15,Moderate,7.3,14.6
93,7.3,2.5,6.4,1.1,2.67,Moderate,7.3,14.6
102,7.3,0.5,9.8,3.6,3.22,Moderate,7.3,14.6
665,7.3,2.7,9.2,0.8,3.41,Moderate,7.3,14.6
110,7.3,3.9,7.5,1.7,3.08,Moderate,7.3,14.6
628,7.3,0.7,9.3,5.3,2.97,Moderate,7.3,14.6
1477,7.3,2.4,5.9,4.4,3.3,High,7.3,14.6
1492,7.3,3.4,9.7,1.2,2.97,Moderate,7.3,14.6
1013,7.3,2.4,7.1,0.2,3.17,Moderate,7.3,14.6
411,7.3,3.0,8.3,3.4,3.29,Moderate,7.3,14.6
629,7.3,0.3,6.9,4.8,3.09,Moderate,7.3,14.6
1484,7.3,0.1,9.4,0.1,3.29,Moderate,7.3,14.6
1989,7.3,1.4,8.5,4.6,3.28,Moderate,7.3,14.6
1674,7.2,1.6,5.7,3.0,2.94,High,7.2,14.4
403,7.2,2.5,5.4,5.3,3.08,High,7.2,14.4
1797,7.2,3.3,9.1,0.8,2.87,Moderate,7.2,14.4
1665,7.2,0.2,7.6,3.0,2.83,Moderate,7.2,14.4
467,7.2,1.2,6.3,1.2,3.05,Moderate,7.2,14.4
615,7.2,2.4,5.8,4.0,3.19,High,7.2,14.4
1684,7.2,0.2,9.6,2.8,3.19,Moderate,7.2,14.4
748,7.2,1.5,9.6,1.4,3.11,Moderate,7.2,14.4
1298,7.2,3.2,8.7,2.1,2.78,Moderate,7.2,14.4
1538,7.2,2.3,7.2,2.5,3.03,Moderate,7.2,14.4
976,7.2,2.3,7.9,2.0,3.06,Moderate,7.2,14.4
1326,7.2,0.0,9.1,2.2,3.41,Moderate,7.2,14.4
713,7.2,1.0,6.7,5.0,3.21,Moderate,7.2,14.4
1057,7.2,1.2,7.7,0.8,3.28,Moderate,7.2,14.4
1128,7.2,3.1,6.1,1.0,2.92,Moderate,7.2,14.4
581,7.2,3.9,5.3,3.1,3.03,High,7.2,14.4
124,7.2,0.5,6.4,2.2,3.19,Moderate,7.2,14.4
1458,7.2,1.1,5.8,4.1,2.96,High,7.2,14.4
604,7.2,2.6,9.7,0.3,3.42,Moderate,7.2,14.4
1037,7.2,2.3,9.9,1.1,3.31,Moderate,7.2,14.4
1778,7.2,2.9,6.9,1.3,3.23,Moderate,7.2,14.4
828,7.2,2.6,6.9,0.3,3.0,Moderate,7.2,14.4
805,7.2,2.5,9.2,1.0,3.07,Moderate,7.2,14.4
266,7.2,1.0,8.1,4.2,2.98,Moderate,7.2,14.4
1048,7.2,2.9,8.5,5.3,3.26,Moderate,7.2,14.4
379,7.2,2.9,8.8,0.8,2.88,Moderate,7.2,14.4
906,7.2,0.5,7.6,2.1,3.11,Moderate,7.2,14.4
968,7.2,1.1,7.8,2.1,2.93,Moderate,7.2,14.4
1917,7.2,3.1,7.6,1.9,2.79,Moderate,7.2,14.4
1396,7.2,3.8,6.2,3.2,3.02,Moderate,7.2,14.4
632,7.2,4.0,7.8,1.6,2.98,Moderate,7.2,14.4
1593,7.2,3.2,8.1,0.6,3.04,Moderate,7.2,14.4
325,7.2,0.4,8.2,1.3,3.39,Moderate,7.2,14.4
1089,7.2,1.6,9.9,1.5,2.89,Moderate,7.2,14.4
531,7.2,0.8,5.2,5.1,2.99,High,7.2,14.4
350,7.2,2.5,9.7,1.1,2.69,Moderate,7.2,14.4
1893,7.2,4.0,9.2,3.2,2.95,Moderate,7.2,14.4
141,7.2,1.5,7.3,1.8,3.08,Moderate,7.2,14.4
1014,7.2,2.1,7.4,2.3,3.13,Moderate,7.2,14.4
899,7.2,3.5,7.5,2.9,3.04,Moderate,7.2,14.4
262,7.2,2.1,6.8,3.6,3.01,Moderate,7.2,14.4
738,7.1,0.5,8.1,5.6,3.1,Moderate,7.1,14.2
554,7.1,0.2,5.6,4.6,3.13,High,7.1,14.2
1994,7.1,1.4,9.0,3.1,2.85,Moderate,7.1,14.2
21,7.1,3.0,6.1,0.5,2.9,Moderate,7.1,14.2
620,7.1,1.7,7.7,4.2,3.48,Moderate,7.1,14.2
1784,7.1,0.8,6.4,3.0,3.08,Moderate,7.1,14.2
720,7.1,3.3,5.6,4.4,2.85,High,7.1,14.2
781,7.1,1.1,8.8,1.4,2.85,Moderate,7.1,14.2
1154,7.1,0.6,8.5,4.6,3.11,Moderate,7.1,14.2
771,7.1,1.0,8.4,5.0,3.26,Moderate,7.1,14.2
775,7.1,1.7,6.7,3.4,2.99,Moderate,7.1,14.2
813,7.1,3.7,6.3,0.7,3.15,Moderate,7.1,14.2
62,7.1,1.0,6.8,4.5,3.27,Moderate,7.1,14.2
1961,7.1,0.4,8.1,0.9,3.02,Moderate,7.1,14.2
1968,7.1,0.9,7.5,5.2,2.92,Moderate,7.1,14.2
1239,7.1,0.9,9.8,0.8,3.01,Moderate,7.1,14.2
1238,7.1,2.9,8.0,1.8,3.17,Moderate,7.1,14.2
1292,7.1,1.1,8.7,2.7,3.15,Moderate,7.1,14.2
1818,7.1,1.8,8.2,4.6,2.98,Moderate,7.1,14.2
1265,7.1,0.6,8.3,3.1,2.79,Moderate,7.1,14.2
1849,7.1,2.2,6.2,4.5,3.34,Moderate,7.1,14.2
1318,7.1,3.9,6.0,1.3,3.3,Moderate,7.1,14.2
1749,7.1,1.6,5.6,4.1,3.28,High,7.1,14.2
853,7.1,2.2,7.0,3.1,2.87,Moderate,7.1,14.2
128,7.1,3.9,5.6,2.4,2.9,High,7.1,14.2
868,7.1,2.5,5.4,0.5,3.33,High,7.1,14.2
1333,7.1,1.9,5.8,0.2,3.02,High,7.1,14.2
876,7.1,0.8,9.9,3.9,3.28,Moderate,7.1,14.2
1359,7.1,1.9,5.4,1.7,3.14,High,7.1,14.2
1640,7.1,3.6,10.0,0.4,3.13,Moderate,7.1,14.2
915,7.1,1.5,9.4,5.4,2.65,Moderate,7.1,14.2
154,7.1,2.9,9.7,4.0,3.33,Moderate,7.1,14.2
1582,7.1,2.0,7.4,1.6,2.86,Moderate,7.1,14.2
183,7.1,1.5,7.6,0.3,3.17,Moderate,7.1,14.2
204,7.1,3.0,6.2,0.7,3.36,Moderate,7.1,14.2
1468,7.1,2.8,6.7,1.7,3.16,Moderate,7.1,14.2
1432,7.1,1.3,8.0,5.6,3.08,Moderate,7.1,14.2
231,7.1,1.8,5.8,4.8,2.86,High,7.1,14.2
1447,7.1,2.9,7.6,0.4,3.15,Moderate,7.1,14.2
856,7.1,1.4,8.0,3.5,3.48,Moderate,7.1,14.2
1638,7.1,2.9,9.3,0.7,3.12,Moderate,7.1,14.2
293,7.1,0.5,5.9,4.1,3.09,High,7.1,14.2
1135,7.1,0.9,5.1,5.3,3.05,High,7.1,14.2
844,7.1,2.0,7.1,0.1,3.34,Moderate,7.1,14.2
832,7.1,3.8,7.7,3.3,3.33,Moderate,7.1,14.2
1508,7.0,2.0,9.4,2.3,2.98,Moderate,7.0,14.0
1627,7.0,2.1,9.0,2.2,2.89,Moderate,7.0,14.0
1875,7.0,3.6,5.8,6.0,2.99,High,7.0,14.0
850,7.0,3.9,5.9,4.8,2.78,High,7.0,14.0
687,7.0,1.3,7.3,4.6,3.0,Moderate,7.0,14.0
1723,7.0,2.3,9.8,2.5,3.09,Moderate,7.0,14.0
1594,7.0,3.0,7.9,2.3,2.81,Moderate,7.0,14.0
1576,7.0,0.1,6.7,5.9,3.12,Moderate,7.0,14.0
1738,7.0,3.8,7.1,3.6,3.11,Moderate,7.0,14.0
997,7.0,2.4,7.2,4.5,3.0,Moderate,7.0,14.0
1632,7.0,1.6,6.4,1.6,2.97,Moderate,7.0,14.0
1416,7.0,1.7,7.3,2.2,2.85,Moderate,7.0,14.0
1426,7.0,2.0,8.3,0.1,3.27,Moderate,7.0,14.0
234,7.0,1.1,9.9,2.5,2.84,Moderate,7.0,14.0
1428,7.0,2.7,7.1,5.8,2.47,Moderate,7.0,14.0
1139,7.0,3.8,7.0,4.6,3.24,Moderate,7.0,14.0
583,7.0,1.1,6.0,2.9,2.87,Moderate,7.0,14.0
1743,7.0,2.2,7.7,3.0,3.05,Moderate,7.0,14.0
1990,7.0,2.7,7.4,6.0,2.85,Moderate,7.0,14.0
819,7.0,1.4,5.6,2.4,3.15,High,7.0,14.0
1629,7.0,2.7,5.3,3.6,3.17,High,7.0,14.0
543,7.0,3.0,9.6,4.2,2.68,Moderate,7.0,14.0
1669,7.0,0.7,6.3,1.6,2.63,Moderate,7.0,14.0
772,7.0,0.6,8.7,2.2,3.15,Moderate,7.0,14.0
880,7.0,1.1,6.0,4.7,3.2,Moderate,7.0,14.0
316,7.0,1.8,8.0,3.1,3.15,Moderate,7.0,14.0
895,7.0,3.5,5.2,5.8,3.26,High,7.0,14.0
1129,7.0,3.7,8.6,2.0,2.88,Moderate,7.0,14.0
718,7.0,3.5,9.5,3.6,3.4,Moderate,7.0,14.0
278,7.0,2.6,5.5,3.9,2.82,High,7.0,14.0
742,7.0,0.7,5.8,5.0,3.09,High,7.0,14.0
1757,7.0,3.6,6.9,4.4,2.84,Moderate,7.0,14.0
1186,7.0,0.2,7.5,0.7,2.81,Moderate,7.0,14.0
1187,7.0,1.4,8.9,4.8,2.97,Moderate,7.0,14.0
1845,7.0,2.3,9.7,0.3,2.64,Moderate,7.0,14.0
287,6.9,1.6,7.9,3.2,3.31,Moderate,6.9,13.8
1495,6.9,3.5,7.8,2.5,3.02,Moderate,6.9,13.8
1824,6.9,1.4,8.1,5.3,3.42,Moderate,6.9,13.8
85,6.9,0.3,8.9,3.4,3.21,Moderate,6.9,13.8
1835,6.9,3.0,6.9,2.0,3.23,Moderate,6.9,13.8
1839,6.9,2.7,8.9,2.9,2.77,Moderate,6.9,13.8
336,6.9,1.6,7.3,4.7,3.38,Moderate,6.9,13.8
318,6.9,3.5,9.3,3.5,3.02,Moderate,6.9,13.8
12,6.9,1.1,9.1,2.1,2.97,Moderate,6.9,13.8
66,6.9,2.5,7.5,5.1,3.06,Moderate,6.9,13.8
206,6.9,2.7,6.1,5.7,3.08,Moderate,6.9,13.8
1515,6.9,0.6,8.1,4.4,3.0,Moderate,6.9,13.8
1941,6.9,1.5,8.2,3.0,2.99,Moderate,6.9,13.8
1279,6.9,1.2,7.3,4.9,3.05,Moderate,6.9,13.8
1555,6.9,1.5,5.3,4.1,2.77,High,6.9,13.8
1906,6.9,1.3,5.9,3.6,2.94,High,6.9,13.8
167,6.9,1.1,8.2,2.5,3.22,Moderate,6.9,13.8
1648,6.9,1.8,7.7,1.2,2.75,Moderate,6.9,13.8
1790,6.9,0.0,5.0,2.8,2.85,High,6.9,13.8
1711,6.9,3.8,9.1,2.5,2.88,Moderate,6.9,13.8
1812,6.9,1.9,5.4,3.7,3.05,High,6.9,13.8
1,6.9,3.8,8.7,2.8,2.99,Moderate,6.9,13.8
559,6.9,3.6,9.0,4.4,2.92,Moderate,6.9,13.8
837,6.9,3.4,5.7,3.0,3.37,High,6.9,13.8
990,6.9,3.3,5.7,5.6,3.05,High,6.9,13.8
1225,6.9,3.7,8.8,2.3,3.03,Moderate,6.9,13.8
456,6.9,0.7,7.2,0.9,3.26,Moderate,6.9,13.8
936,6.9,0.3,5.7,1.8,3.15,High,6.9,13.8
814,6.9,0.2,6.7,3.0,3.05,Moderate,6.9,13.8
1188,6.9,0.6,9.0,4.2,2.83,Moderate,6.9,13.8
1026,6.9,1.4,7.2,4.7,3.14,Moderate,6.9,13.8
1171,6.9,3.0,7.7,0.5,3.17,Moderate,6.9,13.8
763,6.9,2.2,5.3,2.6,3.12,High,6.9,13.8
501,6.9,3.9,5.4,4.1,2.55,High,6.9,13.8
843,6.9,2.2,5.4,0.0,3.27,High,6.9,13.8
1191,6.9,3.4,8.2,3.6,3.37,Moderate,6.9,13.8
692,6.9,3.2,6.8,0.5,3.08,Moderate,6.9,13.8
907,6.9,2.5,8.6,0.7,3.29,Moderate,6.9,13.8
1162,6.9,1.0,6.2,2.7,3.02,Moderate,6.9,13.8
1514,6.8,2.6,9.5,0.8,2.58,Moderate,6.8,13.6
768,6.8,1.6,8.4,0.3,2.88,Moderate,6.8,13.6
1566,6.8,0.5,7.9,3.2,2.61,Moderate,6.8,13.6
612,6.8,2.0,9.7,4.8,3.09,Moderate,6.8,13.6
1336,6.8,1.5,7.7,0.0,3.15,Moderate,6.8,13.6
1828,6.8,3.2,7.6,0.8,2.78,Moderate,6.8,13.6
933,6.8,3.3,6.0,2.8,2.92,Moderate,6.8,13.6
1043,6.8,1.6,9.9,5.4,2.89,Moderate,6.8,13.6
107,6.8,2.4,7.0,2.6,2.97,Moderate,6.8,13.6
205,6.8,1.1,6.5,1.4,3.01,Moderate,6.8,13.6
810,6.8,2.6,7.3,1.1,3.13,Moderate,6.8,13.6
1339,6.8,3.0,7.8,4.9,2.99,Moderate,6.8,13.6
1349,6.8,1.7,8.1,0.4,2.75,Moderate,6.8,13.6
1500,6.8,0.0,9.2,0.2,2.8,Moderate,6.8,13.6
1113,6.8,2.1,10.0,2.4,2.96,Moderate,6.8,13.6
1602,6.8,1.8,5.7,0.3,3.01,High,6.8,13.6
81,6.8,0.5,5.7,4.6,2.86,High,6.8,13.6
323,6.8,0.3,5.1,0.8,3.03,High,6.8,13.6
27,6.8,3.9,9.8,0.9,2.64,Moderate,6.8,13.6
1885,6.8,3.7,5.3,4.0,3.04,High,6.8,13.6
51,6.8,1.2,9.0,4.9,3.12,Moderate,6.8,13.6
1392,6.8,2.6,5.6,2.6,2.77,High,6.8,13.6
1070,6.8,2.7,8.3,4.3,2.58,Moderate,6.8,13.6
1531,6.8,2.6,6.2,0.7,3.0,Moderate,6.8,13.6
648,6.8,1.7,5.2,1.6,2.91,High,6.8,13.6
1662,6.8,1.1,5.9,4.5,2.93,High,6.8,13.6
1903,6.8,2.4,6.6,5.5,3.05,Moderate,6.8,13.6
1540,6.8,1.9,6.6,0.9,3.38,Moderate,6.8,13.6
140,6.8,3.5,7.0,4.9,3.44,Moderate,6.8,13.6
343,6.8,1.2,6.7,4.6,2.81,Moderate,6.8,13.6
191,6.8,0.4,9.6,0.8,3.01,Moderate,6.8,13.6
331,6.8,1.7,9.1,4.4,2.9,Moderate,6.8,13.6
1720,6.8,3.3,7.3,4.3,2.83,Moderate,6.8,13.6
894,6.8,3.5,8.6,0.6,3.23,Moderate,6.8,13.6
1865,6.8,1.6,8.5,5.6,3.33,Moderate,6.8,13.6
898,6.8,1.4,6.7,3.1,3.03,Moderate,6.8,13.6
1728,6.8,3.0,8.9,4.0,2.49,Moderate,6.8,13.6
1435,6.8,2.0,7.8,4.4,3.27,Moderate,6.8,13.6
1197,6.8,3.7,5.3,3.3,3.37,High,6.8,13.6
492,6.8,2.6,5.6,5.3,3.08,High,6.8,13.6
1136,6.7,0.0,8.4,5.0,3.05,Moderate,6.7,13.4
981,6.7,3.4,7.8,3.1,2.98,Moderate,6.7,13.4
199,6.7,2.9,5.3,1.9,3.29,High,6.7,13.4
1335,6.7,2.5,5.2,1.1,3.11,High,6.7,13.4
375,6.7,0.1,5.1,5.0,3.03,High,6.7,13.4
222,6.7,3.0,5.8,4.9,3.03,High,6.7,13.4
992,6.7,2.8,8.8,5.3,3.05,Moderate,6.7,13.4
513,6.7,0.1,5.6,2.5,2.49,High,6.7,13.4
249,6.7,3.3,5.4,5.4,3.27,High,6.7,13.4
1880,6.7,0.6,9.2,3.1,2.85,Moderate,6.7,13.4
384,6.7,3.6,5.1,4.0,3.18,High,6.7,13.4
701,6.7,2.0,8.1,5.5,3.11,Moderate,6.7,13.4
1380,6.7,1.9,8.1,5.2,2.88,Moderate,6.7,13.4
673,6.7,0.3,9.9,4.9,2.96,Moderate,6.7,13.4
708,6.7,0.1,9.8,4.0,3.15,Moderate,6.7,13.4
551,6.7,3.4,6.0,0.4,2.48,Moderate,6.7,13.4
228,6.7,2.5,5.2,5.2,2.86,High,6.7,13.4
1851,6.7,0.7,5.0,2.7,3.15,High,6.7,13.4
1041,6.7,2.5,7.7,0.8,2.81,Moderate,6.7,13.4
256,6.7,1.5,9.9,0.2,3.32,Moderate,6.7,13.4
1033,6.7,3.6,9.8,1.7,3.06,Moderate,6.7,13.4
723,6.7,2.9,8.3,5.6,3.06,Moderate,6.7,13.4
1536,6.7,0.9,7.4,3.3,3.26,Moderate,6.7,13.4
1483,6.7,0.1,6.7,4.8,3.01,Moderate,6.7,13.4
1109,6.7,3.9,8.1,2.2,2.89,Moderate,6.7,13.4
74,6.7,3.7,9.3,1.8,2.89,Moderate,6.7,13.4
518,6.7,1.5,5.0,1.8,3.31,High,6.7,13.4
1820,6.7,0.4,5.7,0.2,2.58,High,6.7,13.4
1351,6.7,3.1,7.2,2.9,3.24,Moderate,6.7,13.4
188,6.7,3.1,5.5,0.5,2.99,High,6.7,13.4
1896,6.7,1.1,7.6,2.6,2.83,Moderate,6.7,13.4
1164,6.7,2.3,6.0,4.5,2.92,Moderate,6.7,13.4
766,6.7,1.6,7.6,1.0,2.93,Moderate,6.7,13.4
158,6.7,1.4,8.7,2.7,3.02,Moderate,6.7,13.4
623,6.7,0.6,8.5,1.2,3.18,Moderate,6.7,13.4
487,6.7,0.4,9.0,5.7,2.63,Moderate,6.7,13.4
320,6.7,3.9,8.2,4.3,2.83,Moderate,6.7,13.4
147,6.7,3.3,5.6,5.1,2.95,High,6.7,13.4
913,6.7,3.3,5.0,1.8,2.85,High,6.7,13.4
908,6.7,1.8,8.4,3.1,2.92,Moderate,6.7,13.4
16,6.7,0.3,6.6,2.0,3.2,Moderate,6.7,13.4
1250,6.7,2.1,7.9,0.1,2.78,Moderate,6.7,13.4
1272,6.7,3.0,5.8,0.8,3.09,High,6.7,13.4
1299,6.7,1.3,8.9,0.3,2.79,Moderate,6.7,13.4
458,6.7,0.3,7.0,1.9,3.28,Moderate,6.7,13.4
1654,6.7,2.3,6.6,0.5,2.77,Moderate,6.7,13.4
1273,6.7,3.2,6.2,0.4,2.74,Moderate,6.7,13.4
136,6.7,3.7,9.2,4.2,2.85,Moderate,6.7,13.4
1712,6.7,1.9,6.5,3.1,2.87,Moderate,6.7,13.4
1681,6.7,1.6,8.6,3.1,3.54,Moderate,6.7,13.4
845,6.7,0.7,5.5,5.7,3.31,High,6.7,13.4
851,6.7,2.9,7.1,3.5,3.09,Moderate,6.7,13.4
566,6.7,3.9,9.3,2.9,2.78,Moderate,6.7,13.4
1904,6.6,1.2,5.2,4.9,3.2,High,6.6,13.2
1456,6.6,3.9,8.3,0.2,2.93,Moderate,6.6,13.2
930,6.6,2.5,6.8,0.9,2.88,Moderate,6.6,13.2
1402,6.6,0.2,7.5,3.3,3.02,Moderate,6.6,13.2
1079,6.6,1.4,8.0,1.6,3.23,Moderate,6.6,13.2
684,6.6,2.2,9.2,5.9,3.06,Moderate,6.6,13.2
1621,6.6,1.0,9.8,5.5,3.23,Moderate,6.6,13.2
1457,6.6,2.5,5.3,0.1,2.6,High,6.6,13.2
1736,6.6,1.9,8.0,5.9,3.41,Moderate,6.6,13.2
846,6.6,1.6,6.2,0.6,3.12,Moderate,6.6,13.2
719,6.6,2.8,6.4,1.1,2.88,Moderate,6.6,13.2
1453,6.6,3.0,9.9,2.0,3.03,Moderate,6.6,13.2
1384,6.6,2.2,5.3,0.3,2.94,High,6.6,13.2
1223,6.6,1.3,7.6,5.6,2.96,Moderate,6.6,13.2
1730,6.6,0.6,7.0,5.9,2.83,Moderate,6.6,13.2
1047,6.6,2.8,8.8,1.8,2.87,Moderate,6.6,13.2
455,6.6,2.3,6.9,3.6,3.2,Moderate,6.6,13.2
1709,6.6,2.9,8.2,2.0,3.14,Moderate,6.6,13.2
1987,6.6,3.4,5.5,5.0,2.9,High,6.6,13.2
245,6.6,2.1,5.4,2.1,2.79,High,6.6,13.2
1313,6.6,1.9,9.7,5.4,2.88,Moderate,6.6,13.2
200,6.6,2.5,9.4,3.4,3.03,Moderate,6.6,13.2
1322,6.6,0.4,7.1,0.8,3.27,Moderate,6.6,13.2
292,6.6,2.4,8.6,1.6,3.27,Moderate,6.6,13.2
371,6.6,1.7,5.4,1.3,3.29,High,6.6,13.2
650,6.6,3.6,9.4,1.4,2.94,Moderate,6.6,13.2
558,6.6,2.9,9.1,1.0,2.85,Moderate,6.6,13.2
1166,6.6,3.6,5.6,1.1,2.82,High,6.6,13.2
283,6.6,1.5,7.0,4.2,2.79,Moderate,6.6,13.2
1962,6.6,2.7,7.4,5.9,2.99,Moderate,6.6,13.2
499,6.6,0.4,6.8,1.6,2.89,Moderate,6.6,13.2
1504,6.6,1.6,5.8,3.0,2.73,High,6.6,13.2
799,6.6,0.4,5.9,5.9,3.27,High,6.6,13.2
655,6.6,2.6,6.2,0.1,3.11,Moderate,6.6,13.2
271,6.6,2.0,5.2,0.9,3.17,High,6.6,13.2
1161,6.6,2.2,7.8,2.1,3.09,Moderate,6.6,13.2
801,6.6,1.2,7.0,4.0,2.76,Moderate,6.6,13.2
1801,6.6,1.3,7.2,3.8,2.93,Moderate,6.6,13.2
491,6.6,1.9,6.1,3.8,3.0,Moderate,6.6,13.2
20,6.6,2.0,9.5,1.5,2.93,Moderate,6.6,13.2
76,6.6,3.6,6.9,0.1,2.99,Moderate,6.6,13.2
977,6.6,0.4,6.8,0.6,3.31,Moderate,6.6,13.2
281,6.6,2.7,9.0,4.3,2.93,Moderate,6.6,13.2
985,6.5,0.8,9.5,4.6,2.74,Moderate,6.5,13.0
963,6.5,2.1,7.8,3.6,2.9,Moderate,6.5,13.0
1798,6.5,1.2,8.6,1.4,3.18,Moderate,6.5,13.0
1415,6.5,0.7,5.4,4.3,3.1,High,6.5,13.0
682,6.5,3.3,5.3,2.5,2.81,High,6.5,13.0
884,6.5,3.4,9.3,3.7,3.02,Moderate,6.5,13.0
761,6.5,0.2,7.9,2.4,2.98,Moderate,6.5,13.0
1877,6.5,2.8,5.6,2.4,2.9,High,6.5,13.0
1715,6.5,2.3,7.5,3.5,2.8,Moderate,6.5,13.0
424,6.5,2.4,6.5,1.8,2.91,Moderate,6.5,13.0
932,6.5,2.6,8.0,4.2,2.83,Moderate,6.5,13.0
504,6.5,0.4,8.9,3.9,3.01,Moderate,6.5,13.0
917,6.5,1.3,5.8,4.7,3.04,High,6.5,13.0
1767,6.5,2.2,5.1,0.5,3.1,High,6.5,13.0
994,6.5,3.9,8.2,3.9,2.82,Moderate,6.5,13.0
755,6.5,2.2,7.1,1.0,2.91,Moderate,6.5,13.0
1765,6.5,1.1,5.7,1.7,3.02,High,6.5,13.0
1843,6.5,3.0,5.2,1.3,3.17,High,6.5,13.0
809,6.5,2.5,9.5,4.5,3.29,Moderate,6.5,13.0
1008,6.5,3.1,7.4,1.4,2.93,Moderate,6.5,13.0
1007,6.5,1.9,9.3,1.8,2.92,Moderate,6.5,13.0
1613,6.5,0.1,6.1,1.7,2.72,Moderate,6.5,13.0
1352,6.5,0.3,5.5,5.5,3.28,High,6.5,13.0
4,6.5,2.1,7.2,1.7,2.88,Moderate,6.5,13.0
1138,6.5,1.5,8.8,4.9,2.88,Moderate,6.5,13.0
1319,6.5,0.7,6.9,5.5,2.71,Moderate,6.5,13.0
576,6.5,1.4,8.1,2.0,3.06,Moderate,6.5,13.0
376,6.5,3.8,6.3,2.6,2.62,Moderate,6.5,13.0
562,6.5,2.9,8.8,0.6,2.67,Moderate,6.5,13.0
1996,6.5,0.2,7.4,2.1,3.32,Moderate,6.5,13.0
1395,6.5,1.5,5.3,5.9,3.0,High,6.5,13.0
1360,6.4,1.8,8.4,1.0,2.93,Moderate,6.4,12.8
1840,6.4,0.6,6.2,1.3,3.04,Moderate,6.4,12.8
1532,6.4,3.4,6.7,5.8,2.98,Moderate,6.4,12.8
978,6.4,2.5,7.3,2.9,3.12,Moderate,6.4,12.8
1519,6.4,0.1,7.1,5.4,2.72,Moderate,6.4,12.8
1935,6.4,0.2,9.0,2.5,2.81,Moderate,6.4,12.8
1807,6.4,0.4,5.6,1.7,3.21,High,6.4,12.8
1108,6.4,3.3,6.9,0.5,2.9,Moderate,6.4,12.8
1017,6.4,1.1,7.0,6.0,2.98,Moderate,6.4,12.8
1813,6.4,0.6,7.7,3.2,3.0,Moderate,6.4,12.8
762,6.4,2.8,6.4,5.4,3.05,Moderate,6.4,12.8
28,6.4,0.1,8.0,3.0,2.95,Moderate,6.4,12.8
1827,6.4,2.2,5.7,0.8,2.89,High,6.4,12.8
1016,6.4,3.8,5.7,3.5,3.07,High,6.4,12.8
1547,6.4,2.5,5.6,3.9,2.89,High,6.4,12.8
420,6.4,3.4,6.5,5.5,3.0,Moderate,6.4,12.8
185,6.4,1.4,8.6,1.8,2.77,Moderate,6.4,12.8
382,6.4,3.0,7.2,4.7,3.03,Moderate,6.4,12.8
1692,6.4,3.3,9.9,2.2,2.9,Moderate,6.4,12.8
1708,6.4,0.3,7.1,3.3,2.77,Moderate,6.4,12.8
468,6.4,3.9,7.8,2.0,2.87,Moderate,6.4,12.8
476,6.4,0.8,8.8,2.3,3.21,Moderate,6.4,12.8
463,6.4,3.6,5.6,5.7,3.1,High,6.4,12.8
896,6.4,1.0,9.7,1.8,3.25,Moderate,6.4,12.8
1644,6.4,3.2,9.0,2.5,2.87,Moderate,6.4,12.8
1643,6.4,2.7,8.4,1.3,2.94,Moderate,6.4,12.8
1619,6.4,3.9,5.8,4.4,2.91,High,6.4,12.8
922,6.4,1.2,6.9,2.4,3.0,Moderate,6.4,12.8
1747,6.4,1.1,6.4,5.1,2.79,Moderate,6.4,12.8
304,6.4,0.3,5.4,5.4,3.29,High,6.4,12.8
496,6.4,0.5,8.1,0.3,2.61,Moderate,6.4,12.8
13,6.4,2.2,5.7,4.8,2.82,High,6.4,12.8
180,6.4,2.2,8.3,5.0,2.76,Moderate,6.4,12.8
1365,6.4,3.3,7.6,2.8,3.11,Moderate,6.4,12.8
474,6.4,3.5,9.7,0.7,2.89,Moderate,6.4,12.8
1382,6.4,0.2,8.3,5.2,2.75,Moderate,6.4,12.8
711,6.4,3.9,5.1,4.3,3.14,High,6.4,12.8
676,6.4,3.2,6.6,1.8,3.06,Moderate,6.4,12.8
1393,6.4,3.6,5.2,5.5,2.86,High,6.4,12.8
1063,6.4,2.6,6.7,6.0,2.78,Moderate,6.4,12.8
671,6.4,3.2,10.0,0.1,3.01,Moderate,6.4,12.8
1434,6.4,1.0,8.9,0.3,3.04,Moderate,6.4,12.8
512,6.3,3.3,5.1,2.3,2.74,High,6.3,12.6
1342,6.3,1.8,7.7,4.0,2.91,Moderate,6.3,12.6
1773,6.3,2.9,5.8,2.1,2.78,High,6.3,12.6
796,6.3,0.1,7.7,5.1,3.22,Moderate,6.3,12.6
626,6.3,0.0,8.6,3.2,3.14,Moderate,6.3,12.6
345,6.3,0.1,5.4,5.8,3.14,High,6.3,12.6
867,6.3,0.8,6.2,1.8,3.37,Moderate,6.3,12.6
1376,6.3,2.0,5.7,3.7,2.91,High,6.3,12.6
952,6.3,1.8,5.6,1.2,2.99,High,6.3,12.6
1997,6.3,2.8,8.8,1.5,2.65,Moderate,6.3,12.6
1927,6.3,0.1,8.5,3.0,2.99,Moderate,6.3,12.6
1666,6.3,0.7,9.8,5.1,3.03,Moderate,6.3,12.6
1355,6.3,0.3,5.1,1.5,2.9,High,6.3,12.6
574,6.3,2.5,7.9,5.0,3.07,Moderate,6.3,12.6
1506,6.3,3.5,7.9,1.3,3.32,Moderate,6.3,12.6
1375,6.3,1.6,6.9,4.8,2.69,Moderate,6.3,12.6
1507,6.3,3.2,5.2,6.0,3.0,High,6.3,12.6
1572,6.3,3.9,8.1,4.5,2.89,Moderate,6.3,12.6
594,6.3,1.7,8.6,0.1,3.11,Moderate,6.3,12.6
174,6.3,1.5,8.0,1.6,3.15,Moderate,6.3,12.6
1513,6.3,0.5,7.5,3.5,2.87,Moderate,6.3,12.6
135,6.3,2.7,8.8,3.6,2.45,Moderate,6.3,12.6
675,6.3,0.4,5.8,0.9,2.93,High,6.3,12.6
962,6.3,0.2,8.6,0.7,3.1,Moderate,6.3,12.6
1953,6.3,3.9,5.8,4.7,2.73,High,6.3,12.6
1422,6.3,2.4,9.4,5.9,3.22,Moderate,6.3,12.6
1883,6.3,0.8,8.0,0.5,2.91,Moderate,6.3,12.6
417,6.3,3.6,8.4,3.2,2.92,Moderate,6.3,12.6
874,6.3,0.9,5.7,5.2,2.9,High,6.3,12.6
1061,6.3,0.5,6.3,2.3,2.97,Moderate,6.3,12.6
1867,6.3,2.1,5.1,1.6,3.49,High,6.3,12.6
1926,6.3,2.0,6.6,1.0,3.09,Moderate,6.3,12.6
587,6.3,2.7,8.5,3.7,2.72,Moderate,6.3,12.6
1102,6.3,0.3,6.3,5.5,3.06,Moderate,6.3,12.6
219,6.3,3.5,9.0,3.4,3.11,Moderate,6.3,12.6
1979,6.3,3.4,9.5,0.9,2.97,Moderate,6.3,12.6
241,6.3,3.2,6.6,2.7,2.85,Moderate,6.3,12.6
1651,6.3,3.2,9.7,0.7,2.65,Moderate,6.3,12.6
1634,6.3,3.1,9.4,1.2,2.91,Moderate,6.3,12.6
1198,6.3,1.5,9.2,1.2,3.15,Moderate,6.3,12.6
1983,6.3,2.4,8.1,0.9,3.07,Moderate,6.3,12.6
315,6.3,1.4,5.4,5.6,2.58,High,6.3,12.6
255,6.3,1.9,9.3,4.4,2.85,Moderate,6.3,12.6
859,6.3,2.8,7.8,4.8,3.08,Moderate,6.3,12.6
338,6.3,3.4,5.2,5.4,3.31,High,6.3,12.6
902,6.3,3.0,7.6,1.9,2.48,Moderate,6.3,12.6
1071,6.3,1.3,5.6,3.9,2.97,High,6.3,12.6
602,6.3,1.5,9.5,4.0,3.42,Moderate,6.3,12.6
1414,6.3,3.3,7.4,3.3,2.52,Moderate,6.3,12.6
1317,6.3,0.2,6.2,4.8,2.93,Moderate,6.3,12.6
121,6.3,1.5,5.1,1.9,2.82,High,6.3,12.6
526,6.3,1.4,9.6,1.7,2.74,Moderate,6.3,12.6
444,6.3,0.2,8.0,4.1,2.97,Moderate,6.3,12.6
1270,6.3,1.3,5.7,1.8,2.65,High,6.3,12.6
1992,6.3,1.5,5.1,3.1,3.21,High,6.3,12.6
435,6.3,1.4,7.4,0.3,2.86,Moderate,6.3,12.6
1019,6.3,1.3,5.4,1.8,3.1,High,6.3,12.6
1970,6.3,1.7,6.8,5.2,2.84,Moderate,6.3,12.6
1859,6.3,2.8,9.0,1.8,2.79,Moderate,6.3,12.6
1663,6.3,1.8,6.9,5.9,2.8,Moderate,6.3,12.6
1282,6.2,1.2,8.9,0.5,2.76,Moderate,6.2,12.4
1984,6.2,1.2,9.7,5.0,3.06,Moderate,6.2,12.4
494,6.2,2.9,9.1,4.7,2.83,Moderate,6.2,12.4
1641,6.2,3.8,9.8,0.4,3.17,Moderate,6.2,12.4
142,6.2,3.6,6.9,3.3,3.27,Moderate,6.2,12.4
537,6.2,2.6,8.3,1.0,3.23,Moderate,6.2,12.4
1763,6.2,0.7,8.9,0.8,3.02,Moderate,6.2,12.4
677,6.2,0.5,6.3,2.1,2.84,Moderate,6.2,12.4
619,6.2,0.2,7.0,1.4,3.13,Moderate,6.2,12.4
1177,6.2,1.5,6.3,2.9,2.97,Moderate,6.2,12.4
1300,6.2,3.7,9.3,3.4,2.92,Moderate,6.2,12.4
1558,6.2,3.7,7.6,2.2,2.84,Moderate,6.2,12.4
1748,6.2,3.2,7.8,0.0,2.8,Moderate,6.2,12.4
1667,6.2,1.3,6.0,3.0,3.12,Moderate,6.2,12.4
1592,6.2,1.8,7.6,4.6,2.98,Moderate,6.2,12.4
597,6.2,0.9,6.4,1.5,2.92,Moderate,6.2,12.4
1762,6.2,1.2,8.9,2.0,2.85,Moderate,6.2,12.4
1099,6.2,3.2,5.5,4.7,2.89,High,6.2,12.4
284,6.2,1.5,6.1,0.4,2.5,Moderate,6.2,12.4
1052,6.2,2.0,6.6,1.1,2.94,Moderate,6.2,12.4
201,6.2,0.1,9.4,0.1,2.95,Moderate,6.2,12.4
1925,6.2,0.7,9.9,3.7,2.73,Moderate,6.2,12.4
1830,6.2,1.6,5.1,4.6,2.92,High,6.2,12.4
556,6.2,0.0,8.6,5.8,2.71,Moderate,6.2,12.4
265,6.2,0.3,5.8,3.1,3.13,High,6.2,12.4
198,6.2,0.5,5.4,4.2,2.84,High,6.2,12.4
1998,6.2,0.0,6.2,0.8,3.14,Moderate,6.2,12.4
1683,6.2,3.5,5.1,4.4,2.97,High,6.2,12.4
1032,6.2,3.9,9.8,1.0,2.87,Moderate,6.2,12.4
1479,6.2,3.0,6.3,5.3,2.91,Moderate,6.2,12.4
1370,6.2,1.6,8.9,4.6,2.63,Moderate,6.2,12.4
31,6.2,2.9,6.8,3.8,3.05,Moderate,6.2,12.4
1861,6.2,4.0,6.0,3.5,2.88,Moderate,6.2,12.4
1471,6.2,1.8,5.4,5.7,2.98,High,6.2,12.4
759,6.2,3.5,9.6,2.0,2.55,Moderate,6.2,12.4
1337,6.2,0.8,6.3,4.8,2.76,Moderate,6.2,12.4
1490,6.1,2.1,6.3,5.6,2.73,Moderate,6.1,12.2
1419,6.1,0.9,6.4,0.8,2.79,Moderate,6.1,12.2
557,6.1,2.7,8.7,5.1,2.57,Moderate,6.1,12.2
1049,6.1,2.6,8.0,5.5,3.01,Moderate,6.1,12.2
1116,6.1,2.9,6.6,3.0,3.01,Moderate,6.1,12.2
210,6.1,0.7,8.9,2.1,2.81,Moderate,6.1,12.2
1371,6.1,3.7,8.0,2.3,3.41,Moderate,6.1,12.2
414,6.1,3.3,6.4,3.9,2.86,Moderate,6.1,12.2
1655,6.1,0.8,7.1,3.9,3.4,Moderate,6.1,12.2
1028,6.1,2.0,6.3,0.1,3.05,Moderate,6.1,12.2
1570,6.1,2.4,9.6,4.7,2.67,Moderate,6.1,12.2
103,6.1,2.7,8.1,2.1,2.98,Moderate,6.1,12.2
159,6.1,1.8,5.7,1.1,2.38,High,6.1,12.2
1240,6.1,3.1,6.0,0.5,2.9,Moderate,6.1,12.2
731,6.1,2.5,6.3,3.5,3.13,Moderate,6.1,12.2
694,6.1,3.5,6.2,1.6,3.05,Moderate,6.1,12.2
1604,6.1,0.0,5.7,1.9,3.01,High,6.1,12.2
616,6.1,0.5,5.8,0.0,2.73,High,6.1,12.2
1661,6.1,1.6,9.3,4.3,2.65,Moderate,6.1,12.2
89,6.1,3.9,5.1,5.8,2.96,High,6.1,12.2
213,6.1,2.1,8.0,3.5,2.79,Moderate,6.1,12.2
1121,6.1,0.9,8.1,5.0,2.61,Moderate,6.1,12.2
194,6.1,4.0,9.7,0.2,2.58,Moderate,6.1,12.2
1541,6.1,0.4,8.4,4.0,2.88,Moderate,6.1,12.2
764,6.1,0.9,9.1,5.6,3.01,Moderate,6.1,12.2
642,6.1,1.7,9.5,3.0,2.76,Moderate,6.1,12.2
678,6.1,3.2,5.7,2.1,2.95,High,6.1,12.2
646,6.1,2.4,6.3,4.0,2.73,Moderate,6.1,12.2
297,6.1,0.8,8.1,2.5,2.67,Moderate,6.1,12.2
1943,6.1,3.7,8.6,4.3,2.79,Moderate,6.1,12.2
660,6.1,4.0,9.9,2.6,2.49,Moderate,6.1,12.2
24,6.1,1.7,9.1,5.2,2.85,Moderate,6.1,12.2
1731,6.1,2.4,7.2,0.4,3.29,Moderate,6.1,12.2
1431,6.1,2.7,7.7,5.0,3.04,Moderate,6.1,12.2
635,6.1,2.6,7.4,0.0,3.03,Moderate,6.1,12.2
691,6.1,0.7,9.1,1.7,2.69,Moderate,6.1,12.2
833,6.1,2.5,7.9,1.1,2.94,Moderate,6.1,12.2
659,6.1,2.4,9.6,5.5,2.99,Moderate,6.1,12.2
1042,6.1,1.6,8.5,1.3,2.76,Moderate,6.1,12.2
1316,6.1,0.8,5.2,3.9,2.56,High,6.1,12.2
546,6.1,0.2,5.2,1.1,2.72,High,6.1,12.2
1735,6.1,2.9,9.7,2.8,2.5,Moderate,6.1,12.2
633,6.1,1.4,6.9,0.4,2.79,Moderate,6.1,12.2
472,6.1,3.9,9.5,3.2,2.61,Moderate,6.1,12.2
1189,6.0,1.5,5.5,3.8,2.8,High,6.0,12.0
820,6.0,0.2,7.8,3.6,2.75,Moderate,6.0,12.0
479,6.0,0.4,9.3,2.6,3.02,Moderate,6.0,12.0
1449,6.0,0.0,10.0,1.7,2.7,Moderate,6.0,12.0
1184,6.0,0.3,8.5,2.4,2.81,Moderate,6.0,12.0
600,6.0,2.5,8.7,4.4,3.05,Moderate,6.0,12.0
139,6.0,0.7,5.8,4.9,2.96,High,6.0,12.0
387,6.0,2.3,7.3,5.8,2.58,Moderate,6.0,12.0
904,6.0,1.7,6.1,0.0,2.87,Moderate,6.0,12.0
1036,6.0,1.2,9.9,2.5,2.88,Moderate,6.0,12.0
6,6.0,2.1,8.0,0.3,2.85,Moderate,6.0,12.0
1257,6.0,3.2,7.3,1.8,3.11,Moderate,6.0,12.0
1262,6.0,1.5,7.5,4.4,2.8,Moderate,6.0,12.0
399,6.0,2.1,6.4,4.8,3.27,Moderate,6.0,12.0
115,6.0,1.5,7.5,4.1,2.76,Moderate,6.0,12.0
1222,6.0,3.5,5.3,5.3,2.97,High,6.0,12.0
624,6.0,2.0,7.1,0.1,2.85,Moderate,6.0,12.0
524,6.0,0.6,8.1,4.7,2.78,Moderate,6.0,12.0
1567,6.0,1.8,9.0,3.5,2.92,Moderate,6.0,12.0
395,6.0,3.5,9.4,4.4,2.84,Moderate,6.0,12.0
240,6.0,2.0,5.3,3.5,3.26,High,6.0,12.0
289,6.0,0.0,8.2,5.4,2.92,Moderate,6.0,12.0
1524,6.0,1.8,9.5,0.6,2.78,Moderate,6.0,12.0
1521,6.0,0.8,8.4,1.3,3.19,Moderate,6.0,12.0
1123,6.0,2.5,6.8,6.0,2.5,Moderate,6.0,12.0
1302,6.0,0.9,8.4,2.4,2.79,Moderate,6.0,12.0
181,6.0,0.0,5.7,5.4,2.95,High,6.0,12.0
960,6.0,0.8,5.2,1.9,3.01,High,6.0,12.0
988,6.0,3.1,7.1,3.4,2.84,Moderate,6.0,12.0
1793,6.0,2.0,5.8,4.0,2.81,High,6.0,12.0
1561,6.0,1.6,9.7,2.3,2.66,Moderate,6.0,12.0
1217,6.0,0.2,8.7,5.0,3.04,Moderate,6.0,12.0
506,6.0,1.5,6.8,0.3,2.44,Moderate,6.0,12.0
967,6.0,3.2,5.9,0.5,3.28,High,6.0,12.0
1180,6.0,1.3,8.0,1.3,2.95,Moderate,6.0,12.0
596,6.0,3.5,8.7,0.1,2.95,Moderate,6.0,12.0
269,6.0,0.4,6.3,0.3,3.05,Moderate,6.0,12.0
1418,6.0,0.8,5.1,5.4,2.54,High,6.0,12.0
305,6.0,1.3,6.1,2.1,2.91,Moderate,6.0,12.0
1832,6.0,2.9,8.5,1.5,3.17,Moderate,6.0,12.0
310,6.0,2.1,5.5,2.7,2.72,High,6.0,12.0
1585,6.0,1.8,5.3,5.0,2.88,High,6.0,12.0
993,6.0,3.2,8.7,0.4,2.6,Moderate,6.0,12.0
1591,6.0,1.3,6.4,3.2,2.84,Moderate,6.0,12.0
1439,6.0,0.2,8.0,5.9,2.76,Moderate,6.0,12.0
254,6.0,2.7,5.4,0.2,2.92,High,6.0,12.0
892,5.9,2.9,7.6,3.6,3.13,Low,5.9,11.8
863,5.9,1.9,5.5,3.8,2.45,High,5.9,11.8
1700,5.9,2.7,8.0,3.9,2.78,Low,5.9,11.8
127,5.9,1.1,5.9,5.4,2.89,High,5.9,11.8
847,5.9,3.2,8.4,3.3,3.05,Low,5.9,11.8
1886,5.9,1.2,8.6,0.5,2.92,Low,5.9,11.8
344,5.9,0.4,8.3,4.6,2.99,Low,5.9,11.8
592,5.9,2.7,9.9,0.6,2.82,Low,5.9,11.8
869,5.9,2.1,6.1,1.7,3.13,Low,5.9,11.8
1077,5.9,0.8,5.9,0.3,3.11,High,5.9,11.8
1248,5.9,3.2,9.8,1.4,2.71,Low,5.9,11.8
173,5.9,2.3,7.1,5.4,2.78,Low,5.9,11.8
1010,5.9,3.6,7.3,4.3,2.95,Low,5.9,11.8
407,5.9,3.4,9.1,3.0,2.68,Low,5.9,11.8
1112,5.9,1.4,8.2,0.4,3.07,Low,5.9,11.8
1910,5.9,0.1,9.5,0.0,2.79,Low,5.9,11.8
1511,5.9,0.3,9.7,1.6,2.76,Low,5.9,11.8
986,5.9,3.0,7.4,1.4,3.1,Low,5.9,11.8
192,5.9,2.2,9.4,4.4,3.01,Low,5.9,11.8
402,5.9,3.6,8.3,0.9,2.8,Low,5.9,11.8
728,5.9,2.3,6.5,5.6,2.9,Low,5.9,11.8
643,5.9,0.3,8.5,2.3,2.99,Low,5.9,11.8
1398,5.9,2.3,6.1,5.2,2.72,Low,5.9,11.8
1252,5.9,2.3,5.8,2.1,2.66,High,5.9,11.8
959,5.9,1.7,5.8,4.2,3.32,High,5.9,11.8
1563,5.9,3.0,5.1,3.3,2.91,High,5.9,11.8
949,5.9,3.0,7.7,1.2,3.09,Low,5.9,11.8
1451,5.9,2.5,6.7,1.3,2.7,Low,5.9,11.8
112,5.9,1.4,9.5,2.8,2.7,Low,5.9,11.8
1630,5.9,3.6,8.3,5.3,2.99,Low,5.9,11.8
322,5.9,2.0,7.0,0.9,3.0,Low,5.9,11.8
65,5.9,1.7,7.0,3.7,2.8,Low,5.9,11.8
150,5.9,3.6,7.9,2.4,2.64,Low,5.9,11.8
114,5.9,0.4,5.6,2.8,2.73,High,5.9,11.8
1620,5.9,2.6,8.6,4.1,2.98,Low,5.9,11.8
1618,5.9,1.3,7.1,1.9,2.91,Low,5.9,11.8
1831,5.9,0.2,8.3,4.6,2.88,Low,5.9,11.8
926,5.9,1.6,9.7,0.8,2.86,Low,5.9,11.8
1852,5.9,3.4,6.3,1.4,2.48,Low,5.9,11.8
1082,5.9,0.4,9.1,3.5,2.96,Low,5.9,11.8
354,5.9,2.2,9.9,5.6,3.12,Low,5.9,11.8
1595,5.9,0.9,7.9,2.5,2.63,Low,5.9,11.8
737,5.8,2.6,9.9,3.2,2.8,Low,5.8,11.6
722,5.8,0.5,7.7,5.4,3.27,Low,5.8,11.6
857,5.8,1.9,7.8,3.4,3.01,Low,5.8,11.6
715,5.8,3.9,7.2,3.0,2.83,Low,5.8,11.6
841,5.8,0.5,5.6,3.1,2.73,High,5.8,11.6
60,5.8,1.0,7.7,4.3,2.8,Low,5.8,11.6
1945,5.8,0.8,8.9,1.0,2.89,Low,5.8,11.6
1792,5.8,1.6,6.2,3.2,2.98,Low,5.8,11.6
1713,5.8,3.9,5.5,5.6,2.88,High,5.8,11.6
815,5.8,2.6,10.0,2.5,2.64,Low,5.8,11.6
818,5.8,1.9,8.0,3.5,2.9,Low,5.8,11.6
1744,5.8,0.5,9.7,3.6,2.65,Low,5.8,11.6
1982,5.8,0.8,9.9,0.9,2.71,Low,5.8,11.6
573,5.8,1.2,6.5,5.2,3.08,Low,5.8,11.6
589,5.8,3.8,8.7,5.0,2.95,Low,5.8,11.6
1411,5.8,3.6,8.4,1.5,2.91,Low,5.8,11.6
1494,5.8,1.8,8.0,4.2,2.82,Low,5.8,11.6
1649,5.8,3.5,7.2,2.5,2.87,Low,5.8,11.6
326,5.8,0.2,8.9,2.8,3.11,Low,5.8,11.6
247,5.8,0.4,8.2,4.2,2.88,Low,5.8,11.6
998,5.8,1.4,7.0,0.3,2.49,Low,5.8,11.6
263,5.8,1.6,9.8,1.5,2.61,Low,5.8,11.6
920,5.8,3.4,5.1,3.1,2.79,High,5.8,11.6
1160,5.8,1.8,6.5,0.2,2.92,Low,5.8,11.6
1454,5.8,2.8,7.6,3.9,3.09,Low,5.8,11.6
1304,5.8,3.9,9.6,0.8,2.57,Low,5.8,11.6
462,5.8,0.1,8.8,2.8,2.8,Low,5.8,11.6
267,5.8,0.7,5.2,4.4,2.81,High,5.8,11.6
1095,5.8,3.7,9.1,1.9,2.97,Low,5.8,11.6
1009,5.8,1.3,9.7,2.1,2.87,Low,5.8,11.6
940,5.8,3.7,6.6,2.2,2.9,Low,5.8,11.6
221,5.8,3.5,9.4,0.2,2.84,Low,5.8,11.6
401,5.8,2.8,9.0,1.9,2.8,Low,5.8,11.6
1478,5.8,2.8,5.6,2.6,2.62,High,5.8,11.6
166,5.8,0.7,9.3,5.7,2.46,Low,5.8,11.6
1403,5.8,3.0,9.9,5.0,2.93,Low,5.8,11.6
1383,5.8,3.2,9.3,5.2,2.96,Low,5.8,11.6
1668,5.8,3.2,9.0,0.8,2.88,Low,5.8,11.6
1058,5.8,0.4,5.7,5.3,3.0,High,5.8,11.6
133,5.8,1.9,7.7,0.3,2.7,Low,5.8,11.6
1117,5.8,3.8,9.3,4.4,3.16,Low,5.8,11.6
394,5.8,1.3,8.8,3.1,2.71,Low,5.8,11.6
1201,5.7,1.6,9.8,1.9,2.72,Low,5.7,11.4
1040,5.7,3.8,5.4,1.2,2.81,High,5.7,11.4
823,5.7,0.6,7.2,3.6,2.96,Low,5.7,11.4
330,5.7,3.5,7.2,1.2,3.04,Low,5.7,11.4
854,5.7,0.6,9.7,5.3,3.18,Low,5.7,11.4
273,5.7,0.1,6.5,4.2,2.98,Low,5.7,11.4
1182,5.7,0.6,8.5,3.9,3.05,Low,5.7,11.4
1444,5.7,3.0,5.0,1.0,2.42,High,5.7,11.4
1094,5.7,2.6,6.0,0.6,2.92,Low,5.7,11.4
1889,5.7,2.2,9.6,2.3,2.98,Low,5.7,11.4
1030,5.7,2.3,9.3,3.5,2.9,Low,5.7,11.4
1389,5.7,2.5,6.0,3.0,2.5,Low,5.7,11.4
1176,5.7,3.3,5.8,1.8,3.04,High,5.7,11.4
1420,5.7,2.6,6.7,4.2,2.9,Low,5.7,11.4
378,5.7,0.3,8.6,3.0,2.28,Low,5.7,11.4
690,5.7,2.3,5.9,1.7,2.62,High,5.7,11.4
1856,5.7,3.0,7.3,4.7,2.82,Low,5.7,11.4
528,5.7,3.8,7.6,1.5,3.27,Low,5.7,11.4
885,5.7,2.8,9.7,4.0,2.86,Low,5.7,11.4
1314,5.7,2.0,7.3,5.4,2.62,Low,5.7,11.4
1137,5.7,0.6,9.0,3.7,2.88,Low,5.7,11.4
1118,5.7,0.0,5.1,3.5,2.75,High,5.7,11.4
681,5.7,2.5,6.4,2.9,2.84,Low,5.7,11.4
802,5.7,2.5,5.6,3.5,3.08,High,5.7,11.4
144,5.7,3.2,8.1,3.2,3.08,Low,5.7,11.4
321,5.7,3.4,9.6,2.6,3.13,Low,5.7,11.4
1855,5.7,3.9,9.1,1.1,2.81,Low,5.7,11.4
783,5.7,2.4,9.2,0.3,2.69,Low,5.7,11.4
1734,5.7,1.2,5.7,4.9,2.66,High,5.7,11.4
238,5.7,0.1,9.6,3.7,3.12,Low,5.7,11.4
1918,5.7,2.6,8.4,4.5,2.94,Low,5.7,11.4
1499,5.7,0.8,5.3,1.2,2.74,High,5.7,11.4
1518,5.6,1.9,8.0,0.2,2.99,Low,5.6,11.2
86,5.6,2.0,5.1,2.8,2.81,High,5.6,11.2
1489,5.6,0.4,8.6,5.1,2.81,Low,5.6,11.2
1510,5.6,1.6,8.2,4.3,2.91,Low,5.6,11.2
1550,5.6,2.8,8.2,2.2,2.91,Low,5.6,11.2
1497,5.6,0.1,6.5,4.2,2.71,Low,5.6,11.2
1562,5.6,0.2,6.5,0.9,3.0,Low,5.6,11.2
1305,5.6,0.3,9.5,1.2,2.57,Low,5.6,11.2
779,5.6,3.9,8.4,5.1,3.08,Low,5.6,11.2
1605,5.6,3.9,6.5,0.8,2.92,Low,5.6,11.2
1535,5.6,0.7,9.8,4.2,2.75,Low,5.6,11.2
1891,5.6,0.8,5.1,2.6,2.97,High,5.6,11.2
137,5.6,2.9,9.7,1.1,2.86,Low,5.6,11.2
1055,5.6,2.6,9.2,3.5,2.72,Low,5.6,11.2
1871,5.6,3.3,6.3,4.7,2.85,Low,5.6,11.2
1675,5.6,1.9,8.8,1.5,2.89,Low,5.6,11.2
1195,5.6,3.4,5.8,5.8,2.84,High,5.6,11.2
1263,5.6,1.6,7.4,3.2,2.75,Low,5.6,11.2
1443,5.6,2.9,7.5,5.4,2.98,Low,5.6,11.2
918,5.6,0.3,9.5,1.1,2.66,Low,5.6,11.2
122,5.6,3.6,8.0,4.1,2.62,Low,5.6,11.2
351,5.6,0.8,9.4,3.9,3.01,Low,5.6,11.2
388,5.6,0.6,6.1,1.5,3.07,Low,5.6,11.2
445,5.6,1.5,7.3,2.2,2.8,Low,5.6,11.2
1081,5.6,0.5,8.4,5.2,2.86,Low,5.6,11.2
132,5.6,2.4,6.4,3.5,2.85,Low,5.6,11.2
816,5.6,3.5,7.1,2.3,2.5,Low,5.6,11.2
1971,5.6,2.3,5.7,4.2,2.81,High,5.6,11.2
726,5.6,3.9,6.1,0.4,3.32,Low,5.6,11.2
1181,5.6,3.9,5.1,4.8,2.7,High,5.6,11.2
1417,5.5,1.2,8.3,4.0,2.76,Low,5.5,11.0
1890,5.5,2.4,7.3,5.6,2.77,Low,5.5,11.0
1809,5.5,1.5,7.5,0.3,2.61,Low,5.5,11.0
1406,5.5,2.4,5.6,0.5,3.11,High,5.5,11.0
32,5.5,3.3,6.6,1.1,3.26,Low,5.5,11.0
1093,5.5,0.6,5.5,2.5,2.74,High,5.5,11.0
757,5.5,0.1,8.3,3.6,2.73,Low,5.5,11.0
410,5.5,1.0,5.7,2.1,2.93,High,5.5,11.0
1054,5.5,3.1,9.0,4.6,2.97,Low,5.5,11.0
1075,5.5,3.6,9.1,4.4,2.44,Low,5.5,11.0
1837,5.5,2.7,6.4,1.2,2.75,Low,5.5,11.0
1391,5.5,2.0,5.8,5.9,2.82,High,5.5,11.0
1369,5.5,1.9,10.0,4.6,2.83,Low,5.5,11.0
37,5.5,3.6,9.5,3.4,2.58,Low,5.5,11.0
741,5.5,1.4,7.1,4.1,2.71,Low,5.5,11.0
1021,5.5,0.6,9.8,3.2,3.2,Low,5.5,11.0
43,5.5,1.5,6.3,1.5,2.81,Low,5.5,11.0
126,5.5,0.6,6.2,1.0,2.94,Low,5.5,11.0
1928,5.5,3.0,5.1,1.5,2.66,High,5.5,11.0
613,5.5,1.6,7.8,3.0,2.9,Low,5.5,11.0
795,5.5,1.6,8.6,4.7,2.64,Low,5.5,11.0
1297,5.5,2.1,5.3,0.7,2.79,High,5.5,11.0
433,5.5,1.5,7.4,3.9,2.85,Low,5.5,11.0
1173,5.5,3.5,8.9,1.0,2.3,Low,5.5,11.0
807,5.5,2.3,7.7,1.4,3.05,Low,5.5,11.0
618,5.5,0.9,7.6,3.6,2.57,Low,5.5,11.0
934,5.5,3.5,6.7,4.1,2.92,Low,5.5,11.0
1616,5.5,2.1,6.2,1.1,2.98,Low,5.5,11.0
429,5.5,3.6,8.3,5.0,2.86,Low,5.5,11.0
916,5.5,3.8,5.3,1.8,2.81,High,5.5,11.0
120,5.5,1.8,7.7,1.5,3.05,Low,5.5,11.0
1721,5.5,3.4,8.7,1.3,2.74,Low,5.5,11.0
839,5.5,0.2,5.9,3.2,2.74,High,5.5,11.0
1717,5.5,3.3,5.2,4.0,2.95,High,5.5,11.0
334,5.5,2.2,7.3,5.1,2.94,Low,5.5,11.0
335,5.5,2.0,5.8,1.9,2.79,High,5.5,11.0
794,5.5,3.3,9.6,3.6,2.75,Low,5.5,11.0
1131,5.5,3.9,5.9,3.9,2.99,High,5.5,11.0
765,5.5,1.8,6.7,5.2,2.24,Low,5.5,11.0
170,5.5,1.0,8.6,5.1,2.97,Low,5.5,11.0
1155,5.5,2.0,9.1,5.6,2.95,Low,5.5,11.0
1409,5.5,3.9,6.4,2.5,2.8,Low,5.5,11.0
486,5.4,1.6,7.0,0.4,2.63,Low,5.4,10.8
608,5.4,0.7,8.3,5.3,2.75,Low,5.4,10.8
488,5.4,2.0,9.0,4.2,2.85,Low,5.4,10.8
342,5.4,0.0,9.8,4.4,2.85,Low,5.4,10.8
1673,5.4,2.7,9.5,0.3,2.9,Low,5.4,10.8
1573,5.4,0.7,8.8,0.1,2.57,Low,5.4,10.8
1269,5.4,3.5,6.6,1.1,2.72,Low,5.4,10.8
1247,5.4,1.0,8.3,5.3,3.27,Low,5.4,10.8
835,5.4,1.8,5.8,1.1,2.71,High,5.4,10.8
1866,5.4,0.8,7.5,0.1,2.86,Low,5.4,10.8
1664,5.4,2.4,8.0,2.5,2.77,Low,5.4,10.8
585,5.4,3.8,6.5,0.6,3.14,Low,5.4,10.8
1254,5.4,3.5,5.4,4.2,2.81,High,5.4,10.8
1716,5.4,0.2,6.3,0.4,2.53,Low,5.4,10.8
534,5.4,2.5,9.9,1.1,2.54,Low,5.4,10.8
1437,5.4,0.5,6.1,3.0,2.91,Low,5.4,10.8
184,5.4,2.4,6.2,2.3,2.66,Low,5.4,10.8
937,5.4,3.6,5.0,2.9,2.74,High,5.4,10.8
1110,5.4,0.2,5.6,3.5,2.98,High,5.4,10.8
1701,5.4,3.6,6.9,1.9,2.35,Low,5.4,10.8
1816,5.4,1.8,9.5,0.6,2.9,Low,5.4,10.8
1578,5.4,2.0,9.8,4.2,2.8,Low,5.4,10.8
1579,5.4,0.8,8.9,5.0,3.12,Low,5.4,10.8
251,5.4,0.2,6.2,1.0,2.75,Low,5.4,10.8
70,5.4,1.3,9.2,0.1,2.69,Low,5.4,10.8
90,5.4,2.2,9.8,3.1,2.81,Low,5.4,10.8
674,5.4,0.8,6.1,2.8,2.66,Low,5.4,10.8
1073,5.4,2.7,9.1,1.5,3.04,Low,5.4,10.8
1018,5.4,0.6,7.2,3.1,2.68,Low,5.4,10.8
82,5.4,2.8,5.4,4.9,2.86,High,5.4,10.8
162,5.4,4.0,7.5,3.6,2.59,Low,5.4,10.8
1475,5.4,2.5,9.6,1.3,2.69,Low,5.4,10.8
1133,5.4,1.3,6.2,5.9,3.1,Low,5.4,10.8
848,5.4,1.1,6.7,4.7,2.8,Low,5.4,10.8
1467,5.4,3.5,6.3,3.6,2.85,Low,5.4,10.8
1543,5.4,0.8,7.2,3.5,2.71,Low,5.4,10.8
232,5.4,2.7,8.3,1.6,2.95,Low,5.4,10.8
1214,5.3,1.9,6.2,2.8,2.87,Low,5.3,10.6
340,5.3,2.1,5.8,4.4,3.11,High,5.3,10.6
390,5.3,2.8,7.7,0.5,2.93,Low,5.3,10.6
290,5.3,3.7,6.8,0.6,2.78,Low,5.3,10.6
327,5.3,4.0,5.3,4.2,2.67,High,5.3,10.6
29,5.3,1.1,9.5,1.4,2.79,Low,5.3,10.6
652,5.3,0.4,10.0,2.0,2.49,Low,5.3,10.6
606,5.3,2.0,9.6,0.6,2.41,Low,5.3,10.6
381,5.3,1.1,6.3,1.5,2.75,Low,5.3,10.6
1921,5.3,3.9,7.9,3.3,2.79,Low,5.3,10.6
1330,5.3,1.7,7.7,2.6,2.54,Low,5.3,10.6
1901,5.3,3.9,9.8,0.3,2.53,Low,5.3,10.6
1179,5.3,3.3,7.6,3.2,2.55,Low,5.3,10.6
1178,5.3,0.6,5.3,3.8,2.79,High,5.3,10.6
1175,5.3,0.3,5.9,0.2,2.97,High,5.3,10.6
383,5.3,2.0,5.2,0.4,2.31,High,5.3,10.6
630,5.3,3.5,6.9,3.3,2.81,Low,5.3,10.6
1165,5.3,3.4,6.0,5.2,3.06,Low,5.3,10.6
571,5.3,2.0,8.6,5.2,2.89,Low,5.3,10.6
306,5.3,3.2,6.2,3.2,2.64,Low,5.3,10.6
1226,5.3,1.0,7.2,0.9,2.85,Low,5.3,10.6
489,5.3,0.3,7.0,1.8,2.64,Low,5.3,10.6
393,5.3,2.1,9.0,2.8,2.67,Low,5.3,10.6
100,5.3,3.5,9.1,6.0,2.68,Low,5.3,10.6
1005,5.3,2.2,7.1,5.3,2.9,Low,5.3,10.6
788,5.3,0.4,8.0,2.0,3.37,Low,5.3,10.6
163,5.3,3.0,6.0,5.4,2.68,Low,5.3,10.6
87,5.3,0.5,5.6,3.9,2.9,High,5.3,10.6
80,5.3,2.2,7.2,5.3,2.62,Low,5.3,10.6
956,5.3,3.6,5.6,2.0,2.53,High,5.3,10.6
211,5.3,3.9,9.4,5.0,3.08,Low,5.3,10.6
1606,5.3,3.4,9.8,1.4,2.53,Low,5.3,10.6
521,5.3,0.9,6.2,2.9,2.76,Low,5.3,10.6
522,5.3,3.8,9.7,4.1,3.13,Low,5.3,10.6
914,5.3,0.7,7.8,1.7,2.64,Low,5.3,10.6
730,5.3,0.2,8.5,2.7,2.62,Low,5.3,10.6
2,5.3,3.5,8.0,4.2,2.75,Low,5.3,10.6
1786,5.3,3.5,5.4,1.5,2.91,High,5.3,10.6
836,5.3,1.6,7.6,2.9,2.54,Low,5.3,10.6
707,5.3,0.1,9.1,3.1,2.65,Low,5.3,10.6
1879,5.3,2.3,9.3,2.9,2.82,Low,5.3,10.6
57,5.3,2.1,7.7,3.8,2.39,Low,5.3,10.6
428,5.3,3.3,8.0,0.7,3.03,Low,5.3,10.6
702,5.3,0.1,7.8,2.6,3.58,Low,5.3,10.6
134,5.3,4.0,6.6,4.9,2.72,Low,5.3,10.6
1046,5.3,2.8,5.0,2.5,3.02,High,5.3,10.6
714,5.3,0.4,5.8,3.6,2.76,High,5.3,10.6
1044,5.3,1.3,6.3,3.0,2.94,Low,5.3,10.6
1652,5.3,1.3,5.7,4.3,2.79,High,5.3,10.6
1575,5.3,2.4,7.6,4.5,2.25,Low,5.3,10.6
505,5.2,1.4,9.8,3.0,2.49,Low,5.2,10.4
1142,5.2,0.6,7.7,3.5,2.77,Low,5.2,10.4
769,5.2,1.6,8.5,1.2,2.52,Low,5.2,10.4
92,5.2,1.1,9.8,5.3,2.82,Low,5.2,10.4
277,5.2,3.7,8.4,4.1,2.91,Low,5.2,10.4
55,5.2,0.1,9.1,2.2,2.79,Low,5.2,10.4
1954,5.2,1.6,9.7,0.1,2.95,Low,5.2,10.4
355,5.2,0.7,5.7,4.4,2.67,High,5.2,10.4
164,5.2,1.9,7.8,0.4,2.67,Low,5.2,10.4
808,5.2,2.0,8.4,1.5,2.88,Low,5.2,10.4
942,5.2,1.0,7.3,1.4,2.83,Low,5.2,10.4
9,5.2,3.6,6.3,4.0,2.82,Low,5.2,10.4
146,5.2,2.3,8.8,5.3,2.61,Low,5.2,10.4
1727,5.2,0.5,9.4,4.5,2.9,Low,5.2,10.4
119,5.2,1.0,8.6,5.4,3.4,Low,5.2,10.4
1724,5.2,1.3,7.9,5.7,3.04,Low,5.2,10.4
1677,5.2,0.5,6.0,2.4,2.69,Low,5.2,10.4
1232,5.2,1.4,6.3,4.1,3.12,Low,5.2,10.4
1340,5.2,3.9,6.9,0.9,3.28,Low,5.2,10.4
649,5.2,3.5,6.2,3.3,2.8,Low,5.2,10.4
270,5.2,0.5,7.3,5.6,2.79,Low,5.2,10.4
1922,5.2,2.4,8.6,2.5,3.21,Low,5.2,10.4
1461,5.2,2.5,8.9,3.0,2.51,Low,5.2,10.4
1836,5.2,1.5,5.8,4.2,2.83,High,5.2,10.4
1012,5.2,0.1,8.9,0.8,2.66,Low,5.2,10.4
1488,5.2,0.5,9.9,1.9,2.61,Low,5.2,10.4
1097,5.2,1.8,9.5,3.4,2.88,Low,5.2,10.4
669,5.2,1.7,5.4,3.6,2.55,High,5.2,10.4
33,5.2,2.4,8.4,0.1,2.47,Low,5.2,10.4
750,5.2,1.1,5.0,5.9,2.93,High,5.2,10.4
1819,5.2,2.4,5.9,2.1,2.69,High,5.2,10.4
743,5.2,1.7,5.8,5.3,2.48,High,5.2,10.4
1035,5.2,1.5,6.8,1.9,2.38,Low,5.2,10.4
187,5.2,1.0,8.0,0.3,3.29,Low,5.2,10.4
1348,5.2,2.0,5.8,1.1,2.58,High,5.2,10.4
975,5.2,1.8,9.2,1.6,2.68,Low,5.2,10.4
974,5.2,0.2,9.2,0.7,2.82,Low,5.2,10.4
1218,5.1,1.0,7.3,3.8,3.24,Low,5.1,10.2
1685,5.1,2.8,7.4,0.7,3.15,Low,5.1,10.2
935,5.1,2.8,6.6,0.3,2.49,Low,5.1,10.2
760,5.1,2.3,5.1,4.7,3.03,High,5.1,10.2
152,5.1,3.5,9.7,3.2,2.79,Low,5.1,10.2
450,5.1,1.7,6.5,2.9,2.79,Low,5.1,10.2
725,5.1,3.3,9.0,0.6,2.54,Low,5.1,10.2
1642,5.1,2.4,6.4,5.2,2.77,Low,5.1,10.2
858,5.1,1.4,8.9,3.4,2.6,Low,5.1,10.2
63,5.1,0.5,5.2,0.2,2.85,High,5.1,10.2
1078,5.1,0.2,7.9,4.9,2.82,Low,5.1,10.2
59,5.1,3.9,9.2,4.0,2.52,Low,5.1,10.2
1755,5.1,1.3,7.7,5.5,2.8,Low,5.1,10.2
332,5.1,1.0,8.8,0.8,2.25,Low,5.1,10.2
47,5.1,3.7,7.1,5.8,2.6,Low,5.1,10.2
3,5.1,3.9,9.2,1.2,2.67,Low,5.1,10.2
1687,5.1,2.8,7.1,3.4,2.5,Low,5.1,10.2
870,5.1,2.6,8.3,4.8,2.69,Low,5.1,10.2
169,5.1,0.4,9.0,1.1,2.52,Low,5.1,10.2
654,5.1,1.4,8.9,3.4,2.72,Low,5.1,10.2
1949,5.1,2.2,8.5,4.7,2.64,Low,5.1,10.2
172,5.1,0.3,6.0,0.2,2.7,Low,5.1,10.2
1580,5.1,3.3,8.9,1.6,3.02,Low,5.1,10.2
168,5.1,0.9,6.2,4.0,3.02,Low,5.1,10.2
758,5.1,3.3,9.9,0.8,2.64,Low,5.1,10.2
301,5.1,2.6,8.0,3.3,2.65,Low,5.1,10.2
989,5.1,0.1,7.2,4.9,2.94,Low,5.1,10.2
1759,5.1,0.4,7.5,4.1,3.01,Low,5.1,10.2
785,5.1,0.3,6.3,0.2,2.55,Low,5.1,10.2
161,5.1,2.7,5.9,5.8,2.71,High,5.1,10.2
1583,5.1,2.4,7.0,1.8,2.84,Low,5.1,10.2
593,5.0,1.7,5.5,4.5,2.72,High,5.0,10.0
695,5.0,3.5,9.0,3.8,2.62,Low,5.0,10.0
1704,5.0,2.3,6.7,1.9,2.64,Low,5.0,10.0
1212,5.0,2.1,5.2,3.4,2.9,High,5.0,10.0
359,5.0,1.0,8.6,6.0,2.71,Low,5.0,10.0
1693,5.0,0.6,6.6,3.5,2.89,Low,5.0,10.0
25,5.0,2.0,7.1,1.3,2.68,Low,5.0,10.0
40,5.0,0.6,7.7,4.2,2.61,Low,5.0,10.0
1858,5.0,0.1,9.3,4.1,2.47,Low,5.0,10.0
1354,5.0,0.8,9.8,3.7,2.69,Low,5.0,10.0
1446,5.0,0.5,7.7,4.1,3.07,Low,5.0,10.0
14,5.0,3.3,8.5,4.4,2.87,Low,5.0,10.0
1912,5.0,3.9,9.4,5.1,2.98,Low,5.0,10.0
912,5.0,1.6,6.2,4.9,3.01,Low,5.0,10.0
1799,5.0,2.9,5.9,0.6,2.63,High,5.0,10.0
483,5.0,4.0,8.4,5.0,2.9,Low,5.0,10.0
1288,5.0,1.8,9.2,3.4,2.7,Low,5.0,10.0
953,5.0,0.2,9.9,1.5,2.94,Low,5.0,10.0
1601,5.0,1.0,7.5,2.3,2.82,Low,5.0,10.0
555,5.0,1.7,7.6,0.3,2.53,Low,5.0,10.0
